age,annual_income,employment_years,loan_amount,loan_term,credit_history_years,credit_accounts,late_payments,debt_to_income,credit_utilization,savings_balance,existing_loans,education_level,employment_type,home_ownership,default_risk
59,1359257.56,0.2,1356967.86,12,6.3,6,1,0.2993,0.2743,1097184.42,2,High School,Self-employed,Rent,1
49,399772.08,2.6,256454.47,36,12.5,6,3,0.1056,0.4436,597825.72,0,Graduate,Self-employed,Own,0
35,891276.04,8.6,1246774.47,36,3.1,3,1,0.2106,0.2688,157175.54,1,Postgraduate,Contract,Rent,1
28,247771.47,3.1,257384.88,36,5.2,5,1,0.3249,0.6441,503105.46,1,Graduate,Contract,Mortgage,1
41,2042021.29,7.0,633095.54,24,9.6,8,0,0.4309,0.139,113859.93,3,Graduate,Salaried,Own,0
59,549752.33,0.0,214792.6,48,7.4,4,2,0.2449,0.6795,386283.57,1,High School,Salaried,Own,0
39,684986.28,16.9,632357.15,48,7.7,7,2,0.0755,0.5409,59729.25,0,Graduate,Salaried,Rent,1
43,717263.02,4.9,364168.18,24,3.1,9,1,0.3305,0.7435,239403.18,2,High School,Self-employed,Own,1
31,907899.91,10.8,367275.44,24,6.7,7,1,0.1408,0.6051,406885.9,0,High School,Salaried,Own,0
31,281863.63,4.7,668985.67,24,11.5,4,1,0.349,0.3013,138608.04,3,Graduate,Self-employed,Own,0
44,648095.01,7.7,331724.8,60,0.6,5,0,0.6718,0.4312,294032.24,3,Graduate,Salaried,Own,1
56,452437.44,12.0,177851.88,36,4.2,3,1,0.5141,0.3267,114859.64,0,High School,Self-employed,Mortgage,0
60,256650.67,10.7,738112.46,36,0.5,4,0,0.3052,0.6015,229474.47,1,High School,Salaried,Own,1
44,1118663.08,5.2,213665.6,24,9.1,6,0,0.3758,0.5152,122452.29,1,Graduate,Salaried,Own,0
23,535540.88,5.5,629536.49,48,11.9,5,2,0.3404,0.0644,346633.18,0,High School,Contract,Mortgage,0
42,742749.32,10.0,846995.46,60,6.3,3,3,0.2077,0.1568,65461.54,1,Postgraduate,Salaried,Mortgage,1
22,717582.08,15.3,352544.39,48,3.0,5,2,0.3283,0.515,79900.56,2,Graduate,Salaried,Rent,1
44,540667.03,6.8,970466.55,36,3.1,7,2,0.4008,0.5982,511590.23,1,High School,Salaried,Mortgage,1
50,1926070.91,13.8,615482.8,12,5.8,7,1,0.3948,0.5145,25163.06,4,Graduate,Contract,Rent,0
58,633320.62,5.0,286270.64,24,5.8,9,0,0.4987,0.1295,107786.24,4,Graduate,Self-employed,Own,0
22,275916.58,9.8,1118984.03,12,10.6,1,0,0.1592,0.1873,160660.37,2,Graduate,Contract,Rent,0
41,521527.82,10.4,214253.72,24,4.3,6,3,0.1282,0.3648,238737.14,4,Graduate,Contract,Own,1
53,855621.46,4.4,352268.02,24,8.7,3,2,0.1725,0.1177,122818.99,4,High School,Self-employed,Own,0
32,871224.48,3.0,393524.36,24,5.8,6,1,0.1891,0.372,73138.01,2,Graduate,Salaried,Own,0
42,357341.84,10.6,666901.92,36,4.0,2,0,0.2892,0.7217,480093.65,2,Graduate,Salaried,Own,0
45,1083755.65,3.9,929158.4,60,5.7,3,2,0.2382,0.4157,418034.13,2,Graduate,Salaried,Own,1
47,246508.27,2.4,892085.6,36,8.3,4,0,0.3049,0.3189,132890.44,1,Graduate,Salaried,Rent,1
48,1219561.59,3.3,520444.88,60,10.7,5,0,0.2665,0.7039,42966.47,2,Graduate,Self-employed,Mortgage,0
36,314609.13,3.9,375054.99,48,6.0,2,0,0.1373,0.4423,229956.77,1,Graduate,Salaried,Own,0
35,573947.25,9.4,137326.02,24,2.2,4,0,0.5405,0.6722,208170.46,0,Graduate,Salaried,Own,1
23,1167342.57,8.1,191531.59,48,11.0,6,1,0.4918,0.7484,105563.2,1,Graduate,Salaried,Mortgage,0
57,694196.79,8.9,1418809.83,24,3.4,4,2,0.1344,0.3227,37671.6,1,Graduate,Salaried,Rent,1
27,1018571.62,7.7,136428.52,48,8.0,6,0,0.2734,0.4889,144852.14,1,High School,Self-employed,Own,0
41,913457.13,3.6,270244.92,36,6.9,8,0,0.2561,0.1482,332354.27,4,Graduate,Salaried,Own,0
29,1318724.29,8.8,946945.62,60,6.4,4,1,0.2423,0.7447,374911.77,1,Graduate,Self-employed,Rent,0
59,1165829.09,10.7,515718.58,24,5.1,4,0,0.2151,0.7992,173748.56,1,High School,Salaried,Own,0
38,506443.61,8.3,822605.61,24,9.5,7,0,0.2701,0.1889,109308.93,3,Postgraduate,Contract,Mortgage,0
24,920659.5,7.8,640395.54,60,0.5,6,4,0.2523,0.3531,323930.06,1,Graduate,Salaried,Rent,1
45,280723.12,2.9,1169669.18,12,11.5,4,1,0.2216,0.2606,72482.75,0,Graduate,Salaried,Own,1
34,629625.16,6.8,545266.86,48,3.3,4,0,0.4938,0.8041,60893.48,0,High School,Self-employed,Own,0
29,1019572.77,2.7,692624.92,48,8.6,6,0,0.0938,0.5168,167701.98,2,Graduate,Salaried,Own,0
46,699655.85,5.9,281037.28,60,8.4,4,0,0.103,0.1797,620244.94,2,Graduate,Salaried,Own,0
22,830995.36,0.0,658763.12,60,12.1,2,0,0.2618,0.382,639136.84,2,High School,Salaried,Mortgage,0
40,578057.04,0.0,347848.01,60,7.8,6,0,0.2091,0.6162,62723.4,2,Graduate,Salaried,Own,0
48,1209497.85,5.2,335200.47,12,3.7,8,1,0.2747,0.4162,126868.43,1,Postgraduate,Contract,Own,1
27,621877.85,3.8,804980.35,48,0.6,4,2,0.3336,0.31,1261521.08,0,Graduate,Salaried,Mortgage,1
28,503193.49,6.4,808598.72,48,5.6,2,1,0.2738,0.4407,103774.7,2,Graduate,Salaried,Rent,1
55,1058445.86,5.5,1348482.26,48,0.5,5,0,0.254,0.1304,657699.48,2,Graduate,Salaried,Mortgage,0
34,300105.6,6.1,1292545.3,24,4.5,5,0,0.4168,0.3141,392982.59,4,High School,Salaried,Mortgage,1
37,856231.43,8.4,816888.36,48,5.8,9,2,0.501,0.2294,466679.79,0,Postgraduate,Salaried,Rent,0
56,366356.05,4.1,147077.25,60,4.2,4,0,0.2417,0.064,125998.78,0,Postgraduate,Contract,Own,0
60,1312687.86,5.1,1476220.26,60,7.2,5,1,0.3309,0.2763,129017.58,1,Graduate,Salaried,Own,0
24,563071.93,11.8,817234.9,36,6.1,5,1,0.0976,0.3552,86874.44,1,High School,Contract,Own,1
22,700093.54,6.0,273537.45,12,5.7,9,1,0.0828,0.2022,341047.58,1,High School,Salaried,Mortgage,0
26,815569.04,5.3,722732.04,36,0.5,4,1,0.3124,0.2979,48606.14,3,High School,Self-employed,Own,0
24,224897.75,6.3,229298.55,48,1.8,3,2,0.2145,0.6678,157943.36,3,Graduate,Contract,Own,1
49,454478.54,5.4,672738.81,48,9.6,4,6,0.115,0.8392,665497.16,2,High School,Salaried,Rent,1
38,1153922.88,3.2,191267.32,36,10.2,6,4,0.1294,0.1012,289625.54,1,Graduate,Self-employed,Own,0
46,1047585.35,2.0,266108.9,12,0.5,6,3,0.097,0.3874,401443.85,1,Graduate,Salaried,Own,0
54,759484.62,2.9,713870.46,36,3.7,7,4,0.2366,0.5991,48313.95,1,High School,Salaried,Mortgage,1
30,309440.99,9.5,903814.34,36,11.3,6,0,0.2524,0.7383,81262.97,1,Graduate,Salaried,Own,1
56,896949.24,3.5,556007.37,60,4.1,6,2,0.3198,0.6577,464184.47,2,High School,Self-employed,Rent,0
34,962315.29,5.4,373619.53,48,6.6,7,0,0.2083,0.7264,199055.33,2,Postgraduate,Salaried,Rent,0
51,667027.87,8.8,113816.16,36,12.8,1,4,0.3387,0.4567,78354.5,5,Graduate,Salaried,Own,1
35,1273744.65,4.9,392832.72,36,5.6,4,1,0.3774,0.7915,297099.08,2,Graduate,Contract,Mortgage,0
28,446341.73,8.5,636518.12,12,5.0,2,1,0.3448,0.166,117461.39,1,High School,Salaried,Mortgage,1
34,491052.33,0.0,366262.49,60,6.4,7,2,0.2772,0.2953,1370600.36,0,Postgraduate,Salaried,Own,0
43,165742.6,5.5,443444.18,36,14.4,2,1,0.4648,0.2715,290668.04,3,Graduate,Contract,Rent,1
60,1078015.89,6.3,398854.32,36,8.8,8,1,0.0408,0.166,86044.74,1,Graduate,Salaried,Rent,0
41,772472.53,6.1,365088.04,36,7.1,4,0,0.2747,0.2257,364225.43,1,High School,Salaried,Rent,1
36,257745.12,0.0,472750.56,48,4.9,4,1,0.0399,0.1709,655089.26,3,Graduate,Self-employed,Mortgage,1
38,247087.6,10.8,376906.11,48,9.2,4,2,0.2792,0.6473,179144.61,0,Graduate,Salaried,Rent,1
44,402230.58,2.6,1149848.87,48,9.6,4,0,0.3723,0.352,97378.98,1,Postgraduate,Salaried,Own,1
46,1005745.39,7.3,107240.65,24,2.7,5,2,0.0392,0.378,186496.8,3,Postgraduate,Salaried,Own,1
45,551021.65,6.0,315591.89,36,9.7,6,2,0.1743,0.4709,110246.55,0,Graduate,Self-employed,Mortgage,1
49,417522.97,10.0,255591.65,24,6.4,5,0,0.6038,0.2685,146394.48,3,Postgraduate,Salaried,Mortgage,0
35,373758.03,14.7,518878.36,48,7.1,3,2,0.2844,0.714,59256.9,1,High School,Salaried,Mortgage,0
21,364661.96,0.8,473140.17,12,3.5,4,2,0.1132,0.3583,362537.83,5,High School,Salaried,Own,0
45,224404.29,3.4,1291646.58,36,5.4,5,3,0.4398,0.6266,71774.81,1,High School,Salaried,Mortgage,1
27,334589.58,6.8,1599569.67,60,2.9,3,1,0.131,0.6356,292799.01,1,High School,Self-employed,Mortgage,1
29,360738.9,1.6,272256.15,60,2.7,4,1,0.3382,0.0777,141129.34,3,Postgraduate,Salaried,Mortgage,1
44,946163.27,9.1,450146.29,36,8.5,1,1,0.1128,0.3895,215137.64,1,High School,Salaried,Mortgage,0
21,593373.88,9.4,511243.22,36,5.6,9,2,0.5049,0.4995,123124.16,2,Postgraduate,Salaried,Own,1
28,412774.19,8.2,267914.7,12,1.8,5,2,0.4137,0.6396,210593.67,5,Graduate,Salaried,Own,1
44,2315358.65,6.9,677016.68,48,15.7,4,2,0.272,0.5841,254442.6,2,Graduate,Salaried,Own,0
31,451163.17,11.5,385124.94,48,2.5,9,1,0.1337,0.4797,135947.08,2,High School,Salaried,Own,1
37,1235065.11,1.4,224816.59,24,11.4,6,1,0.2469,0.4779,45119.83,3,High School,Salaried,Mortgage,0
28,1585384.22,6.3,375225.88,36,1.1,4,1,0.3729,0.3832,235702.2,2,High School,Salaried,Mortgage,1
55,274100.32,3.0,235275.96,60,8.8,6,2,0.115,0.5094,246071.03,4,Graduate,Self-employed,Own,0
55,676986.95,9.6,882772.94,60,6.0,2,3,0.4019,0.4149,57212.07,1,Graduate,Salaried,Own,1
53,488983.55,0.0,1548839.31,24,4.5,5,2,0.4528,0.4132,82112.79,4,Graduate,Salaried,Mortgage,1
25,467576.95,5.9,527622.03,36,7.8,4,1,0.2363,0.5751,136281.0,0,Graduate,Contract,Rent,1
59,882209.55,7.3,483754.47,24,7.2,2,0,0.1222,0.6442,28704.87,2,Graduate,Salaried,Rent,0
48,461459.18,2.2,496870.87,24,3.8,4,4,0.1682,0.145,317120.47,0,High School,Salaried,Own,0
27,494817.69,3.5,970391.6,60,3.6,5,0,0.2988,0.2905,121743.04,1,Postgraduate,Self-employed,Rent,1
29,592593.8,6.1,956902.91,48,0.7,2,2,0.2594,0.7333,226742.1,3,Graduate,Salaried,Own,1
28,529325.08,9.8,417411.59,48,8.2,7,2,0.3097,0.0839,76948.77,0,Graduate,Self-employed,Rent,1
32,340872.58,1.9,530293.72,12,2.0,3,2,0.3114,0.3991,904106.95,2,Graduate,Contract,Rent,1
54,1006989.98,2.6,687779.13,60,7.0,5,2,0.2827,0.5862,57770.91,1,Postgraduate,Salaried,Own,0
53,1157091.0,10.5,214809.32,36,9.4,5,2,0.3369,0.7812,120805.04,2,Postgraduate,Self-employed,Own,0
43,785218.94,4.9,989740.65,36,7.8,7,0,0.1737,0.5044,469760.9,2,High School,Salaried,Own,1
44,528407.84,2.9,1389762.73,36,4.1,4,0,0.5228,0.6524,71766.98,4,Graduate,Salaried,Rent,1
57,441027.16,8.9,959601.84,12,10.6,4,1,0.2367,0.8205,193595.63,2,High School,Salaried,Mortgage,1
55,441413.17,4.0,200259.0,48,5.4,3,1,0.4405,0.2837,297207.72,1,Postgraduate,Salaried,Rent,1
60,2376845.25,10.1,125054.21,36,1.7,8,1,0.3348,0.3926,53935.06,1,High School,Salaried,Rent,0
42,1088747.71,3.3,713309.01,24,5.9,3,1,0.1832,0.7265,105428.45,3,High School,Salaried,Rent,1
47,409489.73,5.4,274547.54,24,9.3,5,1,0.289,0.3111,209576.2,2,Postgraduate,Self-employed,Own,0
55,711628.62,9.8,542335.2,24,4.3,6,1,0.2746,0.4171,258685.55,0,Postgraduate,Salaried,Own,1
21,532497.44,5.1,1220595.64,12,10.5,3,0,0.2419,0.3283,93234.55,3,Graduate,Salaried,Own,1
55,896109.46,9.0,293602.47,36,3.9,6,1,0.5122,0.6002,784785.75,4,High School,Salaried,Mortgage,1
57,876465.09,5.7,352072.48,60,4.5,6,2,0.1778,0.5133,264465.75,0,Graduate,Salaried,Mortgage,0
34,1179631.84,13.9,538677.74,12,2.8,4,3,0.3787,0.2371,335049.62,0,Postgraduate,Salaried,Own,0
23,407143.75,12.3,193613.97,12,9.7,5,1,0.3779,0.6308,319688.85,0,Graduate,Self-employed,Rent,0
21,688542.32,0.7,274964.24,36,6.8,5,2,0.2493,0.3096,51537.56,1,High School,Salaried,Own,0
25,248457.43,8.1,457329.88,48,3.1,3,4,0.0807,0.6795,164209.13,2,High School,Salaried,Rent,1
46,325523.68,2.7,370166.13,36,5.4,4,0,0.3489,0.3611,177676.95,2,Postgraduate,Salaried,Own,1
34,1057039.99,6.8,668283.59,36,0.5,4,1,0.2063,0.1743,146858.49,2,Graduate,Self-employed,Own,0
59,385328.52,6.3,2716594.44,36,10.1,4,1,0.0967,0.6692,212496.02,1,Graduate,Salaried,Mortgage,1
47,409309.88,1.8,479952.67,24,6.3,7,4,0.3123,0.2335,33352.02,1,Graduate,Salaried,Mortgage,1
29,647047.32,10.2,260378.1,12,0.5,2,0,0.0985,0.4572,199422.47,4,Graduate,Self-employed,Own,0
35,952500.78,6.8,1131278.64,48,1.2,3,1,0.3006,0.5488,141217.95,5,Postgraduate,Salaried,Own,0
35,362678.81,4.9,160214.83,36,5.3,4,1,0.366,0.3674,33119.56,3,Graduate,Self-employed,Own,0
46,150000.0,4.2,182446.55,36,1.7,2,2,0.2224,0.2857,252369.71,0,Graduate,Self-employed,Rent,0
33,402763.52,6.6,305646.85,48,10.2,7,1,0.4548,0.083,69965.33,1,High School,Salaried,Mortgage,1
52,1261513.92,7.6,374417.4,48,8.7,5,2,0.2128,0.6077,132759.58,2,High School,Contract,Own,1
59,785010.14,5.5,300921.76,24,8.4,4,1,0.5554,0.7625,146853.75,1,Graduate,Self-employed,Rent,1
52,1346284.03,0.0,440876.4,36,0.5,10,1,0.1724,0.8488,41099.89,1,Postgraduate,Salaried,Mortgage,1
24,348791.21,6.1,537984.54,24,4.9,6,1,0.4193,0.5104,44946.7,3,Graduate,Salaried,Rent,0
50,263829.86,0.2,901510.13,24,4.2,7,0,0.3036,0.1783,278455.24,0,High School,Salaried,Rent,1
57,838298.35,5.2,477478.9,48,3.2,6,0,0.154,0.27,111041.31,1,High School,Salaried,Own,0
43,741729.68,0.4,312305.7,60,5.3,4,1,0.2363,0.4861,131450.66,1,Postgraduate,Salaried,Own,0
59,768950.99,0.3,870238.3,60,2.5,5,2,0.031,0.3607,190800.83,1,Graduate,Self-employed,Own,0
35,1085852.33,10.9,264471.24,36,7.9,6,1,0.1857,0.0576,44096.66,1,Postgraduate,Self-employed,Own,1
49,819667.75,4.7,155719.42,24,10.1,8,0,0.2603,0.3785,129903.58,1,Graduate,Self-employed,Rent,0
56,812456.23,4.4,985470.31,24,9.7,2,2,0.1862,0.3704,164755.34,1,Postgraduate,Self-employed,Own,0
33,963166.43,7.9,945252.6,48,6.4,7,1,0.0929,0.1563,738473.3,1,Postgraduate,Salaried,Own,0
52,856883.11,4.5,268876.89,36,15.0,4,2,0.2704,0.3926,86204.6,2,High School,Salaried,Mortgage,1
27,1041656.62,14.4,347176.51,36,11.6,6,1,0.1789,0.1665,338343.12,1,Graduate,Self-employed,Rent,0
42,1131906.68,4.9,247954.36,48,6.6,4,2,0.2708,0.5173,179741.76,0,High School,Salaried,Rent,1
48,1509299.94,7.5,556436.65,48,5.1,6,0,0.2628,0.357,72565.15,2,High School,Self-employed,Mortgage,0
22,454827.0,9.9,1387251.35,60,12.4,5,3,0.5485,0.1645,108484.13,2,Graduate,Salaried,Mortgage,1
26,846645.04,12.4,710607.87,12,11.0,7,0,0.6128,0.6669,359951.15,1,Graduate,Salaried,Mortgage,0
48,530221.32,3.0,882243.95,48,1.4,5,3,0.4185,0.4803,335141.64,1,Graduate,Salaried,Rent,1
48,410967.82,4.3,766681.15,60,11.3,7,2,0.4231,0.5971,118715.89,0,Graduate,Salaried,Own,1
40,444844.68,11.1,449965.15,36,6.4,6,0,0.3862,0.5153,236970.73,0,High School,Salaried,Own,1
50,853373.99,9.2,909976.58,48,3.6,3,0,0.4225,0.768,78519.35,1,High School,Salaried,Mortgage,1
31,818121.83,10.3,730345.31,36,0.5,2,1,0.5482,0.3235,156289.55,1,Graduate,Salaried,Rent,1
48,810133.44,0.5,1146979.56,60,5.9,2,1,0.0907,0.3005,127648.75,1,Graduate,Salaried,Rent,0
45,574115.08,12.2,333799.59,12,7.0,4,1,0.2433,0.7373,379319.43,0,Graduate,Salaried,Own,0
59,651221.92,3.0,145398.03,36,13.3,6,1,0.3011,0.2603,260663.66,1,Graduate,Salaried,Rent,0
53,1019162.35,6.8,887723.87,24,10.8,4,1,0.5445,0.2933,104805.17,2,Postgraduate,Contract,Own,0
21,286519.38,5.4,564871.22,48,4.7,6,4,0.2446,0.3599,113495.39,0,Graduate,Salaried,Mortgage,1
47,658869.52,2.5,371228.44,24,8.6,5,5,0.0776,0.4515,175865.04,1,High School,Salaried,Own,1
33,682968.16,0.3,384963.4,24,10.3,4,0,0.367,0.369,158210.65,2,Graduate,Self-employed,Own,0
23,983669.25,0.0,2367982.71,36,7.3,7,0,0.0314,0.4559,143931.58,1,Graduate,Contract,Mortgage,0
59,309307.44,6.5,296432.95,60,4.7,6,0,0.084,0.2508,135828.5,0,Graduate,Salaried,Rent,0
26,1479258.05,0.0,258423.69,24,4.9,7,4,0.4592,0.2841,542564.21,1,Graduate,Salaried,Rent,1
28,731040.67,1.5,475650.02,24,8.5,3,1,0.1947,0.4612,125388.96,2,Graduate,Salaried,Own,0
47,752643.49,5.1,969292.72,48,8.7,6,3,0.181,0.1232,228821.41,3,High School,Salaried,Rent,1
29,521241.52,0.0,1978726.78,36,5.8,7,1,0.3504,0.5627,1250241.42,0,Graduate,Self-employed,Rent,0
57,873828.96,9.1,689891.82,60,0.5,4,1,0.1982,0.5787,91447.56,4,High School,Contract,Own,1
53,667371.65,0.0,197054.81,24,1.8,6,2,0.362,0.7041,210004.87,1,Graduate,Self-employed,Mortgage,1
44,1263843.09,5.7,1620207.26,48,9.5,6,2,0.3402,0.5111,218881.1,2,Graduate,Contract,Mortgage,1
35,294167.85,6.1,444341.29,24,0.5,7,1,0.2559,0.0983,178409.1,3,Graduate,Salaried,Own,1
52,715887.17,8.2,261056.39,24,11.7,4,0,0.2376,0.5503,186017.74,0,Graduate,Contract,Rent,0
52,813750.78,5.8,223104.99,48,11.1,7,1,0.3359,0.398,89100.88,1,High School,Salaried,Rent,1
44,586672.97,14.1,774998.62,36,7.2,12,2,0.116,0.5307,239854.47,1,Postgraduate,Salaried,Own,1
32,520300.31,6.9,525571.73,48,9.4,6,2,0.2488,0.1735,41395.36,4,Graduate,Self-employed,Rent,0
59,532373.79,10.2,563150.31,36,9.1,7,0,0.1159,0.4152,758411.92,2,Graduate,Salaried,Rent,0
22,715530.31,3.1,1038439.73,36,6.5,6,1,0.2882,0.679,708668.8,1,High School,Salaried,Own,1
23,240205.54,6.5,267159.83,36,1.5,6,2,0.1621,0.5926,138320.21,1,High School,Self-employed,Own,1
57,1105143.63,12.2,1093619.47,60,10.9,3,3,0.3281,0.299,417530.76,0,Graduate,Salaried,Rent,1
37,499146.6,5.0,321113.72,36,12.6,11,3,0.2494,0.59,142346.12,3,Graduate,Salaried,Mortgage,0
22,697333.55,6.8,1836932.57,36,2.2,3,0,0.3752,0.4471,181418.2,1,High School,Salaried,Mortgage,1
22,795426.63,9.9,664096.81,36,1.4,3,1,0.0898,0.2968,104397.79,1,Graduate,Self-employed,Own,0
48,486764.0,3.0,247421.3,36,6.5,3,2,0.535,0.3226,346809.1,1,Graduate,Salaried,Rent,1
43,604802.06,0.0,120629.74,24,4.5,4,2,0.2943,0.3311,113060.8,3,Graduate,Salaried,Mortgage,1
57,212212.95,7.0,761316.1,60,7.6,4,3,0.1352,0.4771,337336.43,2,Graduate,Salaried,Own,1
52,972276.61,10.0,352845.54,24,11.8,4,1,0.1957,0.2209,174046.38,4,Postgraduate,Self-employed,Rent,0
53,1177336.91,0.6,406721.99,60,0.5,4,1,0.5136,0.6491,177533.59,0,High School,Self-employed,Own,0
21,255041.41,8.7,740462.5,24,13.3,8,2,0.4913,0.7868,54592.64,3,Graduate,Salaried,Own,1
39,519777.73,8.7,867847.99,48,5.4,6,2,0.4053,0.3793,188828.36,2,High School,Salaried,Own,1
22,330479.36,0.0,996908.81,60,9.0,7,1,0.0937,0.4224,71972.49,3,Graduate,Salaried,Own,1
46,589464.91,2.3,209683.81,24,9.5,2,0,0.1097,0.6355,189091.76,0,Graduate,Salaried,Own,0
52,928641.11,4.4,1136921.18,60,9.9,5,0,0.1316,0.2922,849604.94,0,High School,Salaried,Mortgage,0
26,1118777.96,5.3,308853.83,36,7.2,4,2,0.2985,0.3984,59223.24,2,Graduate,Salaried,Own,0
52,1204706.94,3.0,103822.75,60,8.2,8,1,0.196,0.8245,160041.4,1,Postgraduate,Self-employed,Rent,1
24,1336449.12,2.8,209193.85,48,8.2,5,1,0.1915,0.2422,108262.48,3,High School,Contract,Rent,0
31,575158.32,12.7,518512.37,36,4.5,4,1,0.3387,0.4285,78312.11,1,Graduate,Salaried,Rent,1
37,345898.41,5.6,238178.01,24,0.5,8,1,0.2799,0.4895,95580.01,1,Postgraduate,Salaried,Own,1
58,610298.2,3.2,424970.04,36,2.1,2,2,0.0491,0.338,583833.1,0,Graduate,Salaried,Rent,1
44,920824.52,5.8,560658.34,12,6.6,5,0,0.0912,0.3007,722087.02,0,Graduate,Salaried,Own,0
25,330954.03,8.1,399953.01,24,3.9,4,2,0.3518,0.4523,77935.45,2,Postgraduate,Salaried,Rent,0
54,1619783.35,6.2,326332.65,24,3.9,6,1,0.4957,0.4698,248063.37,2,High School,Salaried,Own,0
26,1065086.25,5.2,199595.96,36,14.2,3,1,0.338,0.0422,86294.18,0,High School,Salaried,Mortgage,0
42,580192.78,3.4,456464.56,48,10.4,5,2,0.4573,0.1288,104616.14,2,Graduate,Salaried,Rent,0
31,439656.09,3.4,117568.99,24,6.0,5,2,0.1009,0.3742,34937.87,2,Graduate,Self-employed,Own,0
36,449868.7,3.6,288111.87,24,9.7,5,1,0.0794,0.2289,990707.79,0,High School,Salaried,Mortgage,0
53,677077.53,7.4,246210.76,48,5.3,7,1,0.0298,0.3222,433378.6,1,Graduate,Salaried,Rent,0
29,572951.42,2.0,385157.61,24,7.4,9,0,0.4527,0.5584,106869.55,1,Graduate,Salaried,Mortgage,1
26,1096357.8,7.6,391734.07,12,8.8,6,1,0.3885,0.3845,226066.29,3,Postgraduate,Self-employed,Own,0
36,538256.74,11.7,839846.74,24,5.3,4,1,0.2496,0.7416,130708.74,2,Graduate,Salaried,Own,1
49,858338.34,7.3,1259547.51,60,4.3,5,1,0.3013,0.5879,383645.35,1,Postgraduate,Salaried,Rent,1
23,639741.17,4.5,217607.14,48,11.9,5,2,0.4971,0.6266,136996.04,2,Postgraduate,Self-employed,Mortgage,0
40,753923.2,0.8,1643508.87,36,9.5,5,1,0.1358,0.2771,154028.42,0,Graduate,Self-employed,Own,0
56,572745.42,12.3,271159.02,48,0.5,8,0,0.0333,0.2035,105986.77,2,Graduate,Self-employed,Own,0
39,959311.57,1.3,503402.47,36,4.3,6,1,0.1368,0.594,291800.77,0,Graduate,Salaried,Mortgage,1
46,967165.29,9.4,627227.01,48,3.9,6,3,0.0638,0.5003,1054075.69,1,High School,Self-employed,Own,1
23,837091.45,8.6,2204434.68,48,4.5,7,3,0.6281,0.0417,143387.34,3,Graduate,Self-employed,Rent,1
39,907873.67,5.1,316323.07,36,10.4,3,0,0.3541,0.4525,142077.54,3,Graduate,Self-employed,Rent,1
40,386669.2,4.9,139961.57,24,7.1,8,2,0.5058,0.2404,176415.92,1,Graduate,Salaried,Rent,0
52,776469.63,0.0,1185588.12,12,1.4,4,0,0.2851,0.6915,221655.43,4,Graduate,Salaried,Mortgage,1
27,1292111.96,7.3,261793.17,36,5.5,6,2,0.3089,0.2317,141708.93,1,Graduate,Self-employed,Rent,0
53,851708.96,8.5,355745.29,60,9.2,3,3,0.2257,0.4587,131518.53,0,Graduate,Contract,Own,0
60,368734.82,1.6,217611.27,36,6.1,5,0,0.4653,0.4369,192284.52,1,Graduate,Self-employed,Rent,0
59,632449.76,5.4,356412.99,60,4.4,7,1,0.272,0.6924,44349.52,2,High School,Self-employed,Mortgage,1
38,798879.59,6.2,260601.67,60,8.3,7,1,0.0985,0.7973,116167.85,3,Graduate,Salaried,Own,0
60,428547.95,8.3,698499.71,24,13.5,1,1,0.3855,0.4607,36312.51,2,Postgraduate,Salaried,Mortgage,0
21,307945.62,6.0,474263.06,48,8.8,1,0,0.267,0.4106,121367.04,1,Postgraduate,Self-employed,Mortgage,0
31,546272.83,0.0,289039.03,48,12.2,3,1,0.2668,0.6303,84297.21,3,High School,Self-employed,Mortgage,0
48,432470.68,3.9,859683.56,60,4.7,5,2,0.3567,0.5336,297240.68,1,Graduate,Self-employed,Rent,1
45,644911.69,6.9,531123.98,60,7.0,4,2,0.5654,0.2609,99961.52,0,Postgraduate,Contract,Rent,0
43,270886.47,9.4,135546.7,48,6.9,5,2,0.6012,0.4894,134363.22,0,High School,Salaried,Rent,1
51,886745.44,3.5,818157.4,24,7.5,4,2,0.5386,0.6711,32287.39,1,High School,Salaried,Own,1
50,458490.51,14.8,507456.86,48,8.8,9,2,0.3232,0.5397,407839.31,1,High School,Contract,Own,1
55,1123985.46,0.0,1111231.01,24,3.3,7,0,0.3888,0.4913,75477.68,1,Graduate,Salaried,Rent,0
27,558178.05,3.7,487745.58,48,9.6,4,3,0.1861,0.6292,122341.97,0,Graduate,Self-employed,Rent,1
36,640986.49,5.7,268979.86,60,0.5,1,2,0.3501,0.4185,335437.09,3,High School,Contract,Own,0
46,590992.41,5.2,394041.26,36,1.7,3,0,0.2511,0.3022,336443.93,3,Graduate,Salaried,Rent,0
22,445182.6,1.1,758843.18,48,15.5,4,5,0.094,0.866,74018.12,2,High School,Self-employed,Own,1
21,2531901.97,7.8,272671.7,36,5.0,7,2,0.3633,0.7634,274379.95,3,Graduate,Salaried,Rent,1
32,494845.68,7.5,338002.97,36,9.9,4,1,0.1256,0.2976,71806.42,1,Graduate,Self-employed,Own,1
25,1141283.97,6.2,389611.47,36,13.8,5,2,0.2117,0.8632,216763.06,1,Graduate,Salaried,Own,0
57,356194.33,7.3,213184.08,48,0.5,10,2,0.2152,0.4026,96115.55,0,High School,Self-employed,Own,1
52,797629.84,4.3,275238.32,60,11.5,8,1,0.4547,0.5356,79907.27,1,Graduate,Self-employed,Rent,1
29,845858.47,0.0,503410.13,60,9.6,4,0,0.2308,0.6553,185148.07,1,Graduate,Salaried,Rent,0
55,641413.94,3.1,983244.8,24,13.6,3,1,0.4156,0.429,100901.53,0,Graduate,Self-employed,Mortgage,0
39,474812.39,6.6,553019.42,60,2.3,3,3,0.1147,0.3856,904896.99,2,Graduate,Contract,Own,1
36,562361.74,6.7,436783.55,48,12.8,3,0,0.1567,0.5827,109808.24,1,Graduate,Self-employed,Own,1
23,520694.31,6.2,262151.24,24,4.0,5,1,0.4663,0.6297,69365.64,1,High School,Contract,Own,0
40,2435937.13,8.2,916994.84,12,11.2,7,3,0.1638,0.1892,87695.48,3,High School,Salaried,Rent,1
44,641969.42,3.7,596468.34,24,6.9,4,1,0.1402,0.224,177514.49,1,High School,Salaried,Mortgage,0
53,867539.63,6.1,284255.43,60,10.1,4,0,0.4003,0.0875,196870.14,0,Graduate,Salaried,Mortgage,0
44,1731712.64,8.3,807036.65,48,7.2,6,1,0.2977,0.1915,230574.55,3,Graduate,Contract,Own,0
31,401415.52,5.7,647405.39,48,0.5,6,1,0.1611,0.0824,373218.5,2,Graduate,Salaried,Mortgage,0
28,663603.94,1.0,265191.67,24,0.5,6,0,0.316,0.2969,47286.9,4,Graduate,Salaried,Rent,0
56,560550.87,2.2,421302.76,48,7.8,8,1,0.2654,0.6057,387101.45,2,Postgraduate,Salaried,Own,1
58,619923.58,9.3,326668.31,12,5.9,4,0,0.3093,0.1892,86646.28,0,Graduate,Salaried,Mortgage,0
60,589052.78,11.6,2492514.31,36,8.6,3,1,0.151,0.4879,248211.0,0,Graduate,Contract,Rent,1
40,434606.04,10.7,635798.54,36,6.0,2,1,0.1185,0.4381,713255.8,0,Postgraduate,Salaried,Rent,0
55,723751.44,6.9,508082.03,24,15.1,7,2,0.2054,0.6533,95044.68,1,High School,Contract,Mortgage,1
45,362318.74,1.2,611844.75,48,7.9,5,2,0.0685,0.1179,91947.25,0,Graduate,Salaried,Rent,1
55,1119746.8,6.0,1102905.42,24,5.2,5,2,0.0536,0.4798,79323.21,1,High School,Contract,Mortgage,0
45,915795.2,12.2,426260.43,48,8.3,7,1,0.1127,0.512,137354.68,0,Postgraduate,Salaried,Rent,0
49,495500.23,8.5,306680.52,36,5.3,2,1,0.1749,0.6683,495347.61,0,Graduate,Salaried,Own,0
38,508889.82,5.2,779016.07,36,7.4,5,1,0.1079,0.7393,73811.46,0,High School,Salaried,Own,0
38,756349.2,8.5,401630.94,24,2.1,4,1,0.1257,0.5468,121262.08,1,Graduate,Salaried,Rent,0
22,418958.74,0.9,224486.51,12,7.0,5,3,0.3693,0.2782,392897.2,1,High School,Salaried,Mortgage,1
55,1760866.74,3.2,197789.12,60,5.1,5,2,0.0635,0.4767,296520.96,0,Postgraduate,Salaried,Mortgage,0
36,791422.15,1.7,1215961.43,24,2.5,5,3,0.2382,0.3167,120685.06,1,Graduate,Salaried,Rent,1
56,806954.35,7.9,490201.51,48,14.9,3,2,0.0421,0.6372,152051.81,0,Graduate,Salaried,Rent,0
53,945550.37,8.9,306748.68,60,2.7,3,3,0.2275,0.3223,374517.79,1,Graduate,Self-employed,Mortgage,1
24,472608.6,5.4,386421.94,24,7.0,8,1,0.0951,0.5049,638018.84,1,Postgraduate,Salaried,Mortgage,0
53,1183140.77,2.5,760584.07,24,3.8,8,2,0.281,0.7496,701883.04,3,Postgraduate,Self-employed,Own,0
34,692262.84,5.9,371866.16,48,8.2,3,1,0.1594,0.3406,542831.03,1,Graduate,Contract,Own,0
41,1096142.38,4.1,175409.77,60,1.9,6,0,0.2162,0.6227,105310.08,0,Postgraduate,Salaried,Rent,0
40,582948.09,2.8,556153.39,60,10.4,4,1,0.542,0.4094,771131.62,0,High School,Salaried,Mortgage,0
28,1341408.4,7.4,987003.58,36,15.1,5,1,0.1642,0.3939,99669.1,3,Postgraduate,Salaried,Mortgage,1
27,810548.64,3.0,945013.67,48,3.6,2,3,0.5067,0.0855,48040.89,6,Graduate,Salaried,Own,1
23,2158893.77,0.0,312837.26,24,11.9,4,2,0.2402,0.3635,196929.56,2,Postgraduate,Self-employed,Own,0
37,530455.18,0.6,1026807.56,60,5.5,6,1,0.2441,0.3181,586357.73,1,Graduate,Salaried,Own,0
53,727398.54,0.0,516804.71,60,13.0,3,1,0.0789,0.4436,306083.1,1,High School,Salaried,Mortgage,0
32,368560.7,7.0,1008272.1,24,15.8,5,2,0.185,0.0699,169692.58,1,Graduate,Salaried,Mortgage,1
42,485829.79,6.6,653370.37,36,6.1,6,0,0.3795,0.6425,227249.23,1,High School,Self-employed,Mortgage,1
42,913469.48,6.4,167370.45,24,0.9,3,3,0.2292,0.3166,275520.62,3,Graduate,Self-employed,Own,1
50,1209667.5,8.4,1400560.64,24,10.8,6,0,0.1356,0.6785,202554.84,1,Graduate,Contract,Own,0
58,3320026.54,10.8,465404.58,48,7.9,5,1,0.0862,0.5164,142119.89,0,High School,Contract,Mortgage,0
58,616357.08,3.6,654691.13,36,9.0,4,0,0.3973,0.3014,99520.25,2,Postgraduate,Salaried,Rent,1
28,389048.88,7.6,187845.27,12,5.6,5,1,0.3782,0.6331,196923.31,5,Postgraduate,Salaried,Own,1
47,983680.88,0.0,624973.85,36,3.5,6,0,0.54,0.7944,163190.22,3,Postgraduate,Salaried,Own,0
47,349557.26,11.5,921636.24,60,11.6,6,1,0.1135,0.1358,180520.21,1,Graduate,Salaried,Mortgage,1
54,886538.83,1.0,1583203.81,36,8.3,7,0,0.3951,0.6174,415612.12,0,Graduate,Salaried,Rent,0
41,493109.73,3.2,1118235.69,36,1.2,1,0,0.0781,0.447,147650.3,2,Graduate,Salaried,Rent,1
50,730222.73,3.6,645156.96,24,9.7,4,0,0.19,0.5277,152391.37,0,High School,Salaried,Rent,0
53,1184466.47,0.0,164910.4,60,8.9,5,2,0.2745,0.1892,209533.91,1,Postgraduate,Salaried,Rent,0
48,611594.19,6.1,490401.72,48,5.7,3,1,0.3786,0.2539,1470920.34,0,Postgraduate,Contract,Rent,0
53,1085782.13,6.9,306162.61,36,13.5,7,0,0.0849,0.097,75146.52,2,Graduate,Contract,Own,0
25,1050697.56,5.2,524257.62,12,4.5,4,0,0.5377,0.1068,431150.69,2,Postgraduate,Salaried,Mortgage,0
39,233128.55,0.0,204105.25,12,6.3,6,2,0.2515,0.6944,141707.09,1,Graduate,Salaried,Own,1
24,395872.41,13.9,392540.26,24,10.1,2,1,0.1166,0.7695,171428.51,4,Graduate,Salaried,Rent,0
55,275332.26,8.2,321526.05,36,7.3,3,1,0.3138,0.7692,63005.72,4,Postgraduate,Contract,Mortgage,1
37,1954574.44,16.5,315115.57,60,1.5,4,2,0.455,0.215,810237.27,3,Graduate,Contract,Own,0
48,613393.59,2.8,317156.09,36,7.7,4,3,0.1982,0.8366,215074.72,2,Graduate,Salaried,Rent,1
50,1730954.78,9.8,411966.49,60,5.3,4,0,0.2328,0.8673,304910.61,2,Graduate,Salaried,Own,1
49,264766.58,9.1,542004.43,36,10.4,4,2,0.1067,0.6682,54265.95,2,Graduate,Salaried,Mortgage,0
26,474352.03,4.8,88697.06,48,7.6,5,1,0.2455,0.1492,107677.65,0,Graduate,Salaried,Mortgage,0
55,1009536.3,11.6,96020.93,48,7.4,8,1,0.2067,0.8651,250369.52,0,Graduate,Self-employed,Own,0
57,717356.84,4.4,361079.52,24,2.8,5,1,0.2103,0.5926,158249.78,0,Graduate,Salaried,Rent,1
44,871351.37,4.6,395716.36,36,6.1,7,3,0.1649,0.5561,257314.74,1,Graduate,Contract,Mortgage,1
49,326156.67,0.0,508858.44,48,10.9,6,2,0.0535,0.5485,968004.63,3,Graduate,Salaried,Rent,0
51,1386051.43,7.6,280412.17,12,3.9,2,0,0.1726,0.5048,269521.3,1,Postgraduate,Self-employed,Mortgage,0
55,996581.79,0.7,452777.1,36,6.9,3,1,0.232,0.2886,125707.88,3,High School,Salaried,Own,0
53,810674.32,3.8,488572.4,36,3.3,7,1,0.1517,0.6159,106897.26,3,High School,Salaried,Rent,0
41,445807.26,1.9,279159.92,60,2.3,4,1,0.1249,0.5264,97580.73,1,High School,Self-employed,Rent,1
52,776706.41,4.5,869565.68,36,6.7,7,0,0.158,0.5242,127848.34,1,Postgraduate,Contract,Rent,0
43,553716.53,7.8,504863.8,48,7.7,8,1,0.2307,0.148,132233.88,0,Graduate,Self-employed,Rent,1
53,262224.81,6.0,642118.13,36,15.0,6,1,0.2062,0.7647,197964.73,0,Postgraduate,Self-employed,Rent,0
23,632221.49,8.8,470594.74,48,5.2,8,4,0.3171,0.4791,274682.43,6,Graduate,Self-employed,Own,1
38,596315.95,11.1,1766287.38,36,6.8,3,1,0.1293,0.0809,255014.4,1,Graduate,Salaried,Own,1
45,1165951.99,4.5,663086.65,60,2.0,9,2,0.0587,0.2408,200065.78,2,Graduate,Self-employed,Own,1
51,190192.71,4.1,327684.72,36,9.4,8,1,0.1945,0.7774,211429.02,3,High School,Self-employed,Own,1
23,739764.78,9.8,767298.62,36,8.6,5,1,0.4156,0.7273,1368534.54,2,Graduate,Salaried,Mortgage,0
60,344264.39,10.1,155213.93,48,13.0,6,1,0.2008,0.4062,100989.02,1,Graduate,Salaried,Mortgage,0
44,774753.72,9.0,486378.8,36,11.4,2,2,0.4436,0.5192,174770.62,2,Graduate,Self-employed,Rent,0
52,798573.01,2.2,553743.6,24,8.4,4,0,0.5309,0.2079,43152.32,1,Graduate,Self-employed,Own,1
42,619682.8,7.7,490002.79,12,5.1,4,0,0.0713,0.7372,132505.74,1,High School,Salaried,Rent,0
43,1013316.18,6.4,362234.33,12,7.8,3,2,0.2721,0.1301,87699.5,2,High School,Self-employed,Rent,0
22,327602.52,10.2,233053.93,60,6.6,6,2,0.6211,0.7586,100390.95,1,Graduate,Self-employed,Own,1
47,1195379.05,3.7,269393.2,24,10.8,6,2,0.4002,0.5475,69710.11,3,Graduate,Salaried,Own,1
22,440332.0,0.0,480869.67,24,10.3,3,2,0.413,0.4956,61023.55,1,High School,Self-employed,Mortgage,1
46,276228.41,8.8,218210.48,48,5.8,7,4,0.1616,0.6095,198503.0,0,Graduate,Salaried,Own,1
37,559562.14,0.0,1422052.5,36,1.2,2,0,0.1678,0.292,317736.79,0,High School,Salaried,Rent,1
60,205333.55,3.1,80855.54,36,12.3,5,2,0.2866,0.3342,97099.12,1,Graduate,Salaried,Mortgage,1
53,747525.19,1.9,364677.34,24,9.3,2,0,0.3749,0.0774,35542.97,2,Graduate,Contract,Rent,0
29,563622.45,1.9,483475.6,60,5.7,2,0,0.2508,0.2694,196728.77,2,Postgraduate,Salaried,Rent,0
59,1281133.06,3.0,625825.25,60,9.2,4,1,0.417,0.6997,262047.01,2,Postgraduate,Self-employed,Rent,0
49,928788.16,10.9,248116.03,60,7.3,4,2,0.4897,0.3589,308567.69,0,Graduate,Salaried,Mortgage,1
46,302286.24,9.3,940619.97,36,12.3,2,0,0.0611,0.202,79514.74,5,High School,Contract,Own,1
55,409877.87,5.0,181863.68,48,0.5,6,0,0.4556,0.2398,110855.29,2,High School,Self-employed,Own,1
45,865526.33,10.5,311457.85,24,5.4,7,0,0.4298,0.3654,74073.55,0,Postgraduate,Contract,Mortgage,0
44,1035734.19,1.8,673665.36,12,13.4,1,0,0.2257,0.7357,99637.65,2,Graduate,Self-employed,Own,0
33,1273275.34,1.2,884807.54,12,9.3,3,1,0.1115,0.5799,95692.63,2,High School,Self-employed,Mortgage,0
27,1267691.07,9.5,180665.41,36,14.1,6,0,0.3878,0.4115,119716.93,1,High School,Salaried,Own,0
56,618770.8,8.3,2511213.79,36,2.1,4,0,0.2504,0.5027,147202.24,1,Graduate,Salaried,Mortgage,1
40,793483.67,4.2,251106.73,36,11.3,6,0,0.2709,0.4417,197295.34,1,High School,Salaried,Mortgage,0
21,1327799.77,1.5,191776.18,12,11.0,3,4,0.1439,0.3279,91518.23,1,Postgraduate,Self-employed,Own,1
28,550128.95,11.8,623913.83,36,0.5,7,1,0.155,0.3791,160961.84,1,Graduate,Salaried,Own,0
36,800968.62,0.0,358832.91,48,5.8,5,1,0.2559,0.3506,87138.31,4,Graduate,Salaried,Mortgage,0
34,543042.69,3.6,325972.68,36,6.6,3,1,0.3515,0.2182,44202.48,2,Graduate,Contract,Own,1
32,480079.11,6.9,662762.18,48,0.5,5,1,0.1658,0.183,277395.92,1,High School,Self-employed,Own,1
43,667529.9,13.2,166751.62,24,5.9,7,1,0.4492,0.6005,105923.13,1,Graduate,Contract,Mortgage,0
35,445333.51,7.5,148838.26,48,10.5,6,2,0.3636,0.4362,44991.95,1,Graduate,Salaried,Own,0
48,604842.79,7.9,305186.3,36,5.4,6,2,0.3713,0.2995,281846.29,2,Graduate,Salaried,Rent,0
54,367876.46,3.7,906765.36,24,8.0,7,3,0.5851,0.4902,147275.15,0,Graduate,Salaried,Rent,1
22,585505.43,8.3,313911.67,24,8.0,5,2,0.135,0.4817,258580.22,2,Postgraduate,Salaried,Own,1
52,831795.84,6.4,1272449.97,36,7.0,9,1,0.3693,0.4873,251551.68,3,High School,Salaried,Rent,1
43,470197.31,0.0,982310.23,48,4.2,1,0,0.5084,0.9096,74999.07,1,Graduate,Salaried,Own,1
42,653330.3,9.2,540861.16,36,9.6,3,2,0.1874,0.9791,378926.71,1,Graduate,Salaried,Mortgage,0
45,701773.56,9.9,561194.81,24,0.7,2,0,0.2135,0.5187,41545.61,2,Graduate,Salaried,Rent,0
42,833694.1,9.2,540529.54,60,7.0,2,1,0.3963,0.0905,131003.48,3,High School,Salaried,Rent,0
42,603957.27,6.1,499228.6,48,12.5,7,3,0.3597,0.5404,124244.41,2,Graduate,Salaried,Mortgage,1
26,1181096.89,2.2,354670.96,36,5.2,9,3,0.0997,0.4858,96705.2,1,High School,Self-employed,Own,1
35,204683.93,0.0,382460.54,36,4.1,4,1,0.2909,0.4061,480009.78,1,High School,Self-employed,Rent,0
57,3270625.17,6.6,224477.05,24,9.9,4,1,0.0478,0.4084,229053.4,0,Graduate,Self-employed,Mortgage,0
53,402561.87,10.3,106988.33,36,7.7,9,0,0.4046,0.1805,58349.7,0,Graduate,Salaried,Own,0
28,811461.45,10.0,922321.15,36,10.0,5,0,0.1676,0.2418,65509.69,1,Postgraduate,Contract,Rent,0
25,387926.16,9.3,498431.2,60,7.2,4,0,0.3738,0.5639,1008620.44,0,Graduate,Contract,Own,1
59,926412.73,5.7,451820.49,36,0.5,10,0,0.1264,0.878,122911.36,4,Graduate,Salaried,Rent,1
24,756789.69,10.3,583030.51,36,11.7,3,1,0.2442,0.3638,95213.12,2,Graduate,Salaried,Mortgage,0
26,454446.37,9.7,262641.3,36,15.3,6,1,0.1049,0.5991,454011.28,1,Graduate,Salaried,Own,1
52,1172824.71,4.3,234758.46,60,12.1,6,2,0.1259,0.42,43435.21,2,High School,Self-employed,Own,0
50,593949.25,8.7,374223.25,48,0.5,5,1,0.1204,0.4707,545970.62,0,High School,Salaried,Mortgage,0
55,878258.64,3.9,1095002.14,36,8.8,4,2,0.1429,0.6731,95075.22,0,High School,Contract,Rent,0
60,392499.19,8.2,210516.9,48,5.1,7,1,0.4057,0.5976,271747.18,3,Graduate,Salaried,Rent,0
36,639050.94,0.8,81585.79,36,2.7,4,1,0.2194,0.7685,122711.97,0,Postgraduate,Contract,Rent,1
33,1956370.72,1.1,320645.73,36,7.5,3,1,0.2594,0.486,51083.74,1,Postgraduate,Contract,Rent,0
50,1103898.63,10.2,945772.95,24,6.4,2,0,0.22,0.4519,207624.45,4,Postgraduate,Contract,Own,1
39,769825.43,9.8,145925.17,36,9.0,3,0,0.0571,0.3091,384211.77,4,Postgraduate,Salaried,Own,0
37,507788.95,8.5,208943.37,24,7.2,2,0,0.3406,0.5332,27501.27,3,Graduate,Salaried,Rent,0
39,674584.24,6.4,534083.91,60,2.5,4,1,0.4662,0.3667,71404.71,0,High School,Self-employed,Rent,0
48,724610.06,0.0,2391526.53,36,4.7,9,1,0.1673,0.2679,484575.0,1,Graduate,Self-employed,Rent,0
46,832179.37,5.7,186123.42,60,4.0,2,0,0.0602,0.1385,247412.29,0,Postgraduate,Salaried,Mortgage,0
57,359534.12,7.8,181497.24,36,0.5,5,1,0.1575,0.5188,260904.95,1,Graduate,Self-employed,Own,1
46,938794.63,3.9,560820.85,48,1.5,9,1,0.2764,0.2954,379048.72,1,Graduate,Salaried,Own,0
43,356985.85,3.2,984649.72,36,6.2,4,1,0.0845,0.5025,261710.2,0,High School,Salaried,Rent,1
29,1594143.02,11.8,299940.29,24,12.7,4,2,0.4131,0.7644,202538.92,2,Graduate,Salaried,Own,0
32,425207.29,5.8,156858.07,36,4.9,8,1,0.149,0.515,439601.95,0,Graduate,Contract,Rent,0
21,765185.23,7.8,596562.84,12,4.0,5,0,0.069,0.2067,131745.35,5,Graduate,Salaried,Mortgage,1
21,1129805.51,9.1,671084.12,36,2.3,3,3,0.0732,0.6191,177628.64,0,Postgraduate,Self-employed,Mortgage,1
54,565756.25,2.0,1429919.48,36,7.1,2,1,0.2738,0.4522,348501.07,5,High School,Salaried,Own,1
52,783916.39,6.8,689704.47,48,11.7,8,0,0.2059,0.3134,97617.92,0,Postgraduate,Self-employed,Own,0
45,1431276.83,11.3,770847.48,24,15.0,6,3,0.1843,0.8067,562770.44,0,High School,Contract,Own,0
60,886600.07,13.3,379499.48,24,8.1,3,0,0.355,0.396,227245.84,1,Postgraduate,Salaried,Rent,0
21,790388.98,6.2,2200028.09,36,7.6,7,3,0.3134,0.2995,71796.98,0,Graduate,Salaried,Rent,1
36,257325.13,5.0,347392.5,60,4.8,4,2,0.2938,0.6719,154175.07,2,Graduate,Self-employed,Own,1
59,388940.01,7.1,302323.67,48,5.5,4,2,0.2257,0.4218,59401.98,1,High School,Contract,Rent,1
25,1156066.34,7.0,1458891.65,36,9.5,2,0,0.3946,0.4357,192803.9,1,Graduate,Salaried,Rent,0
42,889309.24,11.5,172602.86,36,5.7,6,1,0.1344,0.3238,132942.04,1,Postgraduate,Salaried,Own,0
49,966594.25,2.0,135426.92,12,6.4,4,1,0.1959,0.8748,90124.58,1,High School,Salaried,Mortgage,0
23,921903.61,4.9,486365.1,60,6.9,5,0,0.5303,0.1044,43330.1,3,High School,Salaried,Mortgage,0
32,1321256.5,1.5,449492.35,48,4.6,5,2,0.1699,0.6804,95539.01,3,Graduate,Salaried,Rent,1
46,562956.52,2.0,388044.64,36,6.7,8,1,0.5322,0.5004,155785.04,2,High School,Contract,Rent,1
36,694538.32,7.5,858598.94,36,0.5,5,0,0.0677,0.616,133667.6,1,High School,Salaried,Own,0
57,369149.41,9.2,249363.97,24,9.2,4,0,0.2016,0.1782,57791.04,3,Graduate,Salaried,Mortgage,0
42,321841.74,3.4,469165.8,60,16.4,3,0,0.4755,0.676,183110.19,0,High School,Contract,Mortgage,1
49,263200.2,9.1,356088.29,24,4.8,3,4,0.1969,0.4939,81820.66,3,Graduate,Salaried,Mortgage,1
34,399467.51,10.4,252132.71,48,8.5,3,5,0.3807,0.3474,376330.93,0,Postgraduate,Self-employed,Own,1
48,1526726.78,13.7,432270.49,24,10.4,5,3,0.3603,0.778,423375.88,2,Graduate,Self-employed,Rent,1
25,276710.68,6.3,783236.63,48,12.1,5,2,0.0367,0.4188,146539.36,1,High School,Salaried,Rent,0
50,550060.11,3.4,1785791.23,48,5.9,5,1,0.3651,0.6968,635147.73,0,Graduate,Salaried,Rent,1
25,319175.92,2.0,655809.22,48,0.5,5,1,0.3699,0.5027,160803.97,3,Graduate,Salaried,Own,1
32,467050.17,1.6,87988.39,36,8.1,6,1,0.1854,0.1901,63596.89,0,Graduate,Salaried,Rent,0
36,713586.7,11.0,438981.17,60,7.5,4,1,0.061,0.5706,464582.43,2,Graduate,Salaried,Mortgage,1
46,442264.73,0.0,464805.67,12,5.6,4,0,0.3705,0.5134,654746.71,3,Postgraduate,Contract,Own,0
46,1183567.0,10.9,826982.42,36,6.5,2,0,0.5819,0.217,398877.67,2,Graduate,Salaried,Rent,0
41,1511201.53,2.5,507437.87,24,7.6,7,0,0.2748,0.3872,97697.69,0,High School,Contract,Mortgage,0
59,188664.39,3.3,1016128.79,60,8.4,7,2,0.2745,0.1194,66998.23,0,Graduate,Salaried,Own,1
56,446449.63,5.4,580467.31,36,8.3,6,0,0.1564,0.5541,136008.85,2,Graduate,Contract,Mortgage,0
53,671490.94,3.2,1239503.69,48,6.1,5,1,0.0457,0.3296,1305161.2,2,Postgraduate,Self-employed,Mortgage,0
50,1207535.43,9.7,338343.87,48,8.5,4,2,0.3346,0.2724,70207.26,1,Postgraduate,Self-employed,Rent,0
57,506304.37,13.3,494264.52,24,5.9,3,0,0.4668,0.5057,347081.96,3,Graduate,Salaried,Own,0
43,642912.03,3.4,770134.04,24,9.6,4,1,0.1555,0.3921,167156.27,2,Graduate,Salaried,Rent,1
30,344041.76,4.3,310232.32,36,4.5,5,0,0.3919,0.2914,383093.32,0,Graduate,Salaried,Mortgage,1
25,279760.71,5.3,269276.64,36,7.3,5,0,0.1682,0.2424,65691.28,1,Graduate,Self-employed,Own,0
56,1439331.35,8.2,298917.83,24,0.5,5,2,0.2212,0.2937,147430.33,1,High School,Self-employed,Mortgage,0
54,238348.51,5.4,276512.89,12,5.5,9,1,0.0343,0.2861,87752.22,1,Graduate,Salaried,Rent,0
51,2339547.51,11.5,632014.81,60,9.3,4,1,0.2825,0.1094,91838.92,0,Graduate,Contract,Own,0
30,968555.35,10.6,136540.65,60,2.9,5,2,0.2711,0.3641,324495.37,1,Graduate,Contract,Mortgage,0
39,944785.16,1.3,163672.43,36,5.7,4,0,0.3218,0.4271,73531.93,2,Graduate,Salaried,Own,0
52,892012.49,8.1,1510253.51,36,0.5,6,0,0.1201,0.65,226977.82,0,Graduate,Salaried,Rent,1
21,565661.16,12.1,280882.02,12,1.5,7,0,0.3452,0.3456,188213.56,0,Graduate,Self-employed,Own,0
25,806431.42,4.0,512477.72,48,2.6,8,2,0.4922,0.3317,83924.09,2,Graduate,Salaried,Rent,1
24,585859.02,4.8,170938.26,48,7.4,8,0,0.265,0.8138,99761.27,1,Graduate,Self-employed,Rent,0
36,881092.54,3.9,478390.98,24,8.3,4,2,0.1517,0.4085,235121.6,1,Graduate,Self-employed,Rent,0
44,638067.94,4.0,281996.1,24,6.8,4,1,0.1901,0.4155,176416.5,1,High School,Salaried,Rent,0
36,385399.66,0.0,162916.76,48,5.5,4,1,0.1345,0.3634,185599.74,2,High School,Salaried,Mortgage,0
22,402686.13,0.7,1073034.47,36,5.5,4,2,0.1505,0.3078,149437.05,2,High School,Salaried,Own,1
48,378275.42,6.3,970600.84,12,9.9,8,0,0.4358,0.4794,141896.55,0,High School,Contract,Mortgage,0
52,1108726.97,12.1,419669.28,36,7.9,5,3,0.3484,0.34,176921.68,2,Graduate,Salaried,Rent,0
47,462837.83,3.5,861667.92,36,5.7,6,1,0.3905,0.4081,569249.41,3,Graduate,Salaried,Rent,1
40,227083.01,3.4,1550585.42,36,12.2,3,1,0.2064,0.2279,274849.38,2,High School,Contract,Rent,1
44,808542.81,12.8,734652.02,48,14.8,6,0,0.1588,0.5794,162105.16,1,Postgraduate,Salaried,Rent,0
32,1495112.93,1.6,614641.65,48,2.0,7,5,0.2297,0.221,75753.42,4,Graduate,Self-employed,Own,1
55,994428.42,0.0,512123.03,36,9.1,11,0,0.3231,0.4299,128731.99,0,Graduate,Salaried,Own,1
53,466447.0,2.7,686372.77,60,19.4,3,0,0.1541,0.6993,86207.88,3,High School,Salaried,Mortgage,1
53,271571.63,3.3,355206.74,36,8.1,7,1,0.3107,0.9392,95172.19,1,High School,Salaried,Own,1
57,603728.69,0.0,375941.77,48,7.5,8,1,0.4882,0.4896,40309.97,0,Graduate,Salaried,Rent,1
32,595498.71,5.5,603247.15,36,6.8,4,2,0.0476,0.0397,178381.24,2,Postgraduate,Contract,Rent,1
23,381424.37,9.8,330707.87,60,9.0,6,0,0.0989,0.5884,941183.91,2,High School,Salaried,Mortgage,0
21,880106.46,0.9,354772.87,60,10.0,3,1,0.5289,0.7615,210585.56,4,Graduate,Salaried,Own,1
53,1794742.68,6.4,450054.6,12,2.0,5,1,0.1849,0.5969,322106.6,0,Postgraduate,Salaried,Mortgage,0
60,734527.81,7.6,950646.7,60,6.9,4,0,0.2003,0.6546,387918.64,2,Graduate,Self-employed,Rent,0
30,709978.21,5.7,215511.9,48,0.5,4,2,0.0831,0.2776,143107.79,0,Graduate,Salaried,Rent,0
49,388190.79,6.7,737092.66,48,6.2,2,1,0.1254,0.4287,150981.23,4,Graduate,Salaried,Rent,0
33,1401853.33,6.8,752887.08,24,3.4,7,0,0.386,0.404,58887.18,4,Postgraduate,Contract,Mortgage,0
32,623683.53,2.7,749964.14,48,8.4,4,1,0.4214,0.3833,210711.25,2,Graduate,Salaried,Rent,1
51,472738.59,12.0,266363.64,60,0.5,8,1,0.4641,0.4509,188230.69,1,Postgraduate,Salaried,Own,1
22,673172.07,11.0,149755.59,36,5.0,7,0,0.2189,0.1146,90741.0,3,Graduate,Salaried,Own,0
55,842649.5,10.8,647457.33,60,10.9,4,1,0.2167,0.6961,451146.11,2,Postgraduate,Salaried,Own,0
43,701724.47,10.1,508338.62,12,4.3,4,4,0.3237,0.7004,96703.42,3,Postgraduate,Salaried,Rent,1
37,1261878.46,0.0,864449.07,24,0.5,3,3,0.2858,0.1741,1756109.15,0,Graduate,Salaried,Own,0
46,802841.02,9.7,285401.98,36,8.0,5,1,0.3836,0.3506,248567.36,3,Graduate,Salaried,Rent,1
28,556020.06,8.6,737543.1,36,4.7,6,1,0.281,0.6532,176877.67,0,Graduate,Salaried,Mortgage,0
49,810481.15,0.0,893025.79,48,6.3,7,0,0.2725,0.1794,849043.61,2,Graduate,Salaried,Rent,0
46,855574.15,5.1,422967.89,12,4.1,6,1,0.1251,0.1328,28977.75,4,Postgraduate,Self-employed,Rent,0
30,318609.31,7.1,590076.25,60,14.9,2,0,0.0871,0.4927,143162.36,0,High School,Self-employed,Rent,1
46,1223111.39,12.7,576817.42,12,0.8,9,0,0.3228,0.3778,127245.6,0,Graduate,Salaried,Mortgage,0
54,550856.95,8.9,263826.68,24,18.3,9,1,0.2019,0.6742,155718.12,1,Graduate,Contract,Rent,0
27,558661.97,2.5,635530.68,12,5.4,4,1,0.0945,0.2675,215692.82,1,Graduate,Self-employed,Own,1
24,982626.57,12.8,1291902.87,36,7.7,7,1,0.3316,0.5285,152093.35,2,Graduate,Contract,Rent,0
31,980353.52,6.2,456541.74,60,4.7,5,1,0.5185,0.5807,552116.18,2,High School,Salaried,Rent,0
49,442090.64,5.0,174102.88,48,4.5,4,5,0.1548,0.2872,254997.98,2,Graduate,Self-employed,Own,1
56,1010871.65,4.7,287881.9,48,3.9,8,5,0.233,0.5337,265110.95,4,Postgraduate,Salaried,Rent,1
45,477577.23,0.0,141545.11,12,9.4,4,3,0.1672,0.3302,260560.09,0,Postgraduate,Self-employed,Own,0
41,1768235.68,5.6,1040979.44,36,1.4,5,2,0.191,0.5451,64214.99,2,High School,Salaried,Mortgage,1
56,412182.28,8.0,739456.92,36,8.5,8,1,0.2172,0.5371,211564.47,3,Graduate,Salaried,Mortgage,1
30,741507.27,4.5,324848.06,36,0.5,5,2,0.1722,0.2319,217485.07,1,Postgraduate,Salaried,Rent,0
57,422784.53,7.7,179021.99,12,8.1,7,1,0.3124,0.6526,73223.1,0,Graduate,Salaried,Own,0
29,2207144.68,2.5,261806.55,48,10.4,6,0,0.061,0.3533,365679.34,0,Graduate,Salaried,Mortgage,0
44,329037.21,5.4,297188.78,36,1.9,12,3,0.2966,0.3945,35269.76,0,High School,Salaried,Mortgage,1
55,867288.67,7.3,483167.08,48,9.7,4,2,0.1678,0.4824,1351166.15,2,Graduate,Salaried,Rent,0
55,433881.58,6.8,472714.28,36,7.2,5,0,0.1313,0.4523,174676.15,1,Graduate,Contract,Own,0
56,534971.33,0.0,1076185.76,24,13.4,3,0,0.1739,0.2146,90794.21,1,Graduate,Contract,Mortgage,0
38,834154.11,4.2,286849.28,48,3.6,4,1,0.4847,0.5461,295048.41,1,Graduate,Salaried,Own,0
59,1274735.27,12.7,168835.6,24,18.3,1,0,0.2996,0.4501,297043.87,1,Graduate,Salaried,Mortgage,0
52,1587380.53,4.0,212132.6,60,0.5,6,3,0.3857,0.4741,925050.39,4,Postgraduate,Salaried,Own,1
44,279122.56,6.1,443315.38,36,5.7,6,0,0.1168,0.6575,748969.17,0,Graduate,Salaried,Rent,0
43,753128.25,5.7,280228.92,24,0.5,3,1,0.1389,0.4611,62121.4,1,Graduate,Salaried,Rent,0
52,1450543.87,12.3,372203.98,60,14.4,4,2,0.4068,0.4066,145027.02,1,Postgraduate,Salaried,Rent,0
57,257250.76,11.2,334998.4,36,6.0,7,2,0.3179,0.4533,86941.32,0,Postgraduate,Self-employed,Rent,1
32,772694.13,9.2,856541.34,12,6.3,4,3,0.1714,0.7566,325929.46,1,Postgraduate,Salaried,Mortgage,1
33,649255.47,2.1,307267.86,36,8.8,5,1,0.0556,0.3926,558336.29,3,Graduate,Salaried,Own,1
43,816453.83,7.4,352121.13,24,7.0,6,0,0.2693,0.4962,62783.26,2,Graduate,Salaried,Mortgage,0
45,425049.29,8.3,717291.21,48,4.6,3,1,0.237,0.0146,171124.82,2,Graduate,Salaried,Own,1
55,295119.99,3.2,311690.07,48,2.0,5,1,0.1909,0.0293,108577.6,3,High School,Self-employed,Own,0
50,226957.74,2.5,592490.97,60,7.7,5,0,0.2059,0.7609,353721.12,2,Graduate,Salaried,Rent,1
37,1112075.69,12.8,558197.59,36,8.5,7,0,0.4632,0.2634,249771.18,0,Graduate,Salaried,Mortgage,1
40,1192967.75,4.8,493437.1,36,9.8,4,2,0.2975,0.8032,461096.91,2,High School,Self-employed,Own,0
45,767738.6,12.5,215269.33,48,14.7,4,1,0.1749,0.4894,128522.84,1,Postgraduate,Salaried,Own,1
42,484535.53,10.0,1000845.91,24,0.5,6,1,0.1923,0.2252,163962.45,0,Graduate,Salaried,Mortgage,1
33,266213.1,7.6,1905866.52,36,6.7,5,2,0.5608,0.2513,246718.7,4,Graduate,Salaried,Own,1
39,886084.54,7.8,452589.65,36,11.8,6,1,0.3862,0.5125,144910.56,2,Graduate,Salaried,Mortgage,0
56,354796.28,0.4,227947.86,12,6.5,7,2,0.2754,0.6353,228642.14,2,High School,Salaried,Mortgage,1
32,439552.92,6.8,458593.57,36,0.5,6,1,0.3051,0.2449,497241.38,1,Postgraduate,Self-employed,Rent,0
39,470766.45,11.7,856330.73,60,1.8,2,0,0.4816,0.4048,992110.68,1,Graduate,Salaried,Rent,0
32,583082.09,8.7,301682.64,60,8.3,6,0,0.5291,0.2927,121789.27,2,Graduate,Salaried,Mortgage,0
29,428161.35,6.6,413833.25,12,8.2,5,0,0.3911,0.3851,1003233.29,3,Graduate,Contract,Own,0
27,662072.25,12.8,561534.25,12,9.7,1,1,0.2183,0.1861,120436.51,0,Graduate,Salaried,Rent,0
48,461726.3,5.3,983609.22,24,3.9,6,2,0.2357,0.4497,360718.58,3,Graduate,Contract,Own,1
34,955970.97,3.5,744917.15,60,8.0,4,1,0.5654,0.4762,121199.75,1,High School,Salaried,Own,0
51,1146027.58,6.6,765257.03,24,3.2,5,2,0.3706,0.5119,78986.94,0,Graduate,Self-employed,Mortgage,1
39,689985.67,9.1,341099.09,48,8.0,5,0,0.0901,0.7816,478730.43,1,Graduate,Self-employed,Mortgage,0
36,838334.22,0.0,584346.95,24,7.2,7,4,0.4038,0.2602,173059.77,0,Graduate,Contract,Mortgage,1
25,2083476.42,7.1,281454.67,36,3.7,6,1,0.2312,0.5698,502781.42,3,Graduate,Salaried,Mortgage,0
55,341053.91,9.2,779645.67,36,13.2,3,0,0.3558,0.2709,328510.27,2,High School,Salaried,Rent,1
32,329825.89,4.9,951025.0,48,0.5,3,3,0.1143,0.4877,250096.83,1,High School,Salaried,Own,1
45,952624.88,10.4,644795.95,24,6.4,5,0,0.298,0.6522,279745.88,2,Graduate,Contract,Rent,0
41,1896131.28,8.6,354401.59,48,3.6,7,2,0.2409,0.257,430037.19,2,Graduate,Salaried,Rent,0
56,563235.68,14.6,394186.82,24,14.3,6,1,0.2982,0.3113,377705.72,0,High School,Contract,Mortgage,0
43,1680305.63,3.0,1456050.8,48,9.4,6,3,0.1668,0.6545,130234.03,1,Graduate,Salaried,Own,1
36,685405.69,9.3,358269.61,60,4.4,7,2,0.2213,0.3629,252473.02,0,High School,Salaried,Mortgage,1
59,446966.82,1.9,890464.99,24,5.9,5,1,0.2251,0.5384,597915.33,1,Graduate,Salaried,Rent,1
59,376942.08,0.0,560891.3,60,14.4,4,1,0.2833,0.1784,186641.41,3,Graduate,Salaried,Mortgage,0
34,918874.76,0.0,362150.15,36,3.2,4,1,0.3601,0.391,121229.17,2,Postgraduate,Self-employed,Rent,1
51,392974.56,8.2,187771.48,24,0.5,6,1,0.253,0.5864,109491.85,1,High School,Salaried,Rent,1
25,679715.7,6.7,516351.55,36,8.2,5,1,0.4494,0.9135,355057.69,1,Graduate,Contract,Own,1
55,1552897.98,4.1,477451.77,24,8.3,5,3,0.3605,0.5947,148504.72,3,Postgraduate,Salaried,Own,0
43,549079.45,0.0,1456068.27,48,9.7,4,2,0.2182,0.8825,240505.96,1,Graduate,Self-employed,Own,1
49,1338998.97,3.2,257269.03,48,9.7,4,1,0.2292,0.1411,142951.55,0,Graduate,Self-employed,Mortgage,0
31,333276.82,6.0,1999889.42,24,14.1,2,1,0.143,0.2454,460408.15,2,Graduate,Salaried,Own,1
38,484599.3,9.2,575635.37,36,0.5,3,1,0.1997,0.3314,202984.57,2,High School,Salaried,Rent,1
32,299778.28,5.9,575268.32,48,2.2,8,3,0.2081,0.5416,564247.09,2,Graduate,Salaried,Rent,1
29,676627.28,7.0,306050.68,60,9.6,3,0,0.4008,0.5941,547954.43,0,Postgraduate,Salaried,Own,0
30,998261.6,4.5,552142.79,36,2.6,5,1,0.1373,0.2497,167744.32,1,Graduate,Contract,Own,0
37,677442.89,13.0,611999.02,60,1.2,4,3,0.2499,0.2997,523026.43,0,Graduate,Contract,Own,1
58,1276465.1,1.9,827583.76,36,14.5,4,1,0.2184,0.764,137378.73,1,Graduate,Self-employed,Rent,1
27,430489.86,3.2,238254.19,36,0.5,8,1,0.2902,0.5468,222710.88,0,Graduate,Self-employed,Mortgage,1
33,735765.08,4.0,1122883.42,60,5.6,4,1,0.2919,0.0826,96466.03,3,Graduate,Salaried,Rent,0
60,486318.73,8.2,569163.46,36,6.8,3,1,0.2353,0.4617,289397.44,2,High School,Salaried,Own,0
29,793056.51,1.8,668205.9,36,12.2,2,2,0.1735,0.1492,229062.28,2,Graduate,Self-employed,Own,0
47,857505.15,6.5,389800.52,36,0.5,5,1,0.5568,0.3837,271596.08,3,Graduate,Salaried,Rent,1
22,895417.55,6.7,246153.39,60,8.7,3,1,0.2368,0.2976,60633.94,0,Postgraduate,Self-employed,Mortgage,0
25,360735.67,3.2,471782.74,60,3.4,5,1,0.5794,0.4203,36652.15,0,Graduate,Self-employed,Own,1
49,398461.95,7.3,508258.25,36,9.5,8,0,0.3086,0.1961,72737.14,2,Graduate,Salaried,Own,0
57,441251.11,2.0,182859.7,36,3.4,5,2,0.1856,0.7219,268339.18,1,High School,Salaried,Own,1
58,569972.41,1.5,753616.11,36,13.3,6,2,0.1976,0.6584,308499.23,4,High School,Self-employed,Mortgage,1
39,681928.55,6.4,860048.34,36,3.4,9,2,0.1027,0.5271,444267.25,2,Graduate,Salaried,Own,1
28,959508.7,0.0,280049.28,24,0.5,5,2,0.3295,0.485,130235.96,3,Graduate,Self-employed,Own,1
21,407694.48,0.0,231497.04,48,3.8,4,3,0.051,0.1184,212697.39,0,Graduate,Salaried,Rent,1
42,269457.79,8.1,369563.54,36,6.0,8,2,0.3082,0.2999,102733.25,1,Graduate,Salaried,Rent,0
37,2127347.34,10.2,457043.88,36,11.3,5,2,0.1405,0.7019,537470.73,2,Postgraduate,Salaried,Rent,0
27,348860.87,4.1,379000.08,24,2.0,6,1,0.2727,0.7673,102051.49,2,High School,Self-employed,Mortgage,1
45,1029625.49,3.3,432529.7,24,2.0,9,3,0.2856,0.4673,462099.24,4,Graduate,Salaried,Own,0
24,661274.57,10.0,519677.32,60,10.8,5,1,0.1511,0.3406,147216.92,3,Graduate,Salaried,Mortgage,1
56,746346.87,1.4,184910.66,36,1.5,4,3,0.189,0.3088,634700.56,1,Graduate,Salaried,Rent,1
26,649445.93,0.5,199258.99,24,6.3,2,1,0.4242,0.4363,208371.59,1,Postgraduate,Salaried,Own,0
51,526004.27,8.8,76689.67,36,6.4,2,1,0.4454,0.2117,204757.58,1,Graduate,Salaried,Mortgage,0
39,838955.04,6.0,830395.41,36,7.9,9,1,0.2646,0.0953,98464.17,2,Graduate,Salaried,Rent,1
59,510683.18,10.3,454476.02,12,4.0,6,1,0.3524,0.6253,1018993.35,0,Graduate,Salaried,Own,0
47,1234521.68,0.0,889225.46,36,3.3,4,2,0.5062,0.8828,397664.81,1,Graduate,Salaried,Mortgage,0
30,888571.32,0.4,214802.26,36,8.3,6,0,0.2499,0.7389,271109.23,1,High School,Salaried,Mortgage,0
46,903927.47,6.1,457196.08,36,3.4,5,0,0.1109,0.2584,218023.0,1,Postgraduate,Salaried,Mortgage,0
39,491791.42,7.7,517435.46,36,1.6,4,3,0.4573,0.702,106098.76,2,High School,Salaried,Mortgage,0
59,570764.82,9.4,312338.95,36,11.9,2,4,0.1267,0.1529,308454.3,0,Graduate,Salaried,Own,0
23,338194.21,6.7,163943.12,60,9.0,6,1,0.1309,0.5575,170646.6,2,Graduate,Salaried,Rent,0
33,535292.61,6.7,1399771.03,36,14.1,4,0,0.3485,0.4056,188476.47,1,Postgraduate,Contract,Mortgage,1
48,367548.62,4.4,1117424.49,24,10.1,5,3,0.1355,0.2438,367136.34,0,Graduate,Salaried,Mortgage,1
40,1338306.18,12.4,351072.1,24,1.9,10,0,0.0709,0.4355,225996.38,0,Graduate,Self-employed,Own,0
48,668319.97,1.6,626968.03,36,7.4,8,0,0.1999,0.0837,182632.78,0,Graduate,Salaried,Rent,0
28,713902.1,7.4,328367.58,48,2.9,6,1,0.1094,0.3373,567633.22,1,Graduate,Self-employed,Own,0
59,574294.18,2.0,235623.51,24,0.5,5,1,0.3742,0.385,93490.57,1,Graduate,Contract,Own,1
21,724615.21,8.1,1475817.81,48,5.2,2,3,0.308,0.4541,47897.12,1,Postgraduate,Salaried,Rent,1
23,2521615.54,1.9,153432.05,12,10.9,8,0,0.491,0.0651,95217.02,3,High School,Self-employed,Own,1
33,551088.39,9.0,373781.04,36,8.1,3,2,0.3154,0.2813,203281.21,1,Graduate,Salaried,Own,0
48,454521.49,6.4,475353.18,48,1.4,8,1,0.2583,0.3952,313750.14,4,Graduate,Salaried,Own,1
45,869835.04,13.0,1316262.24,36,5.1,5,2,0.5721,0.9526,99252.36,1,Graduate,Salaried,Rent,1
53,162037.39,4.9,805956.85,36,6.4,7,0,0.229,0.3383,3438980.33,4,Graduate,Salaried,Rent,1
58,673271.45,7.7,151757.71,24,0.5,6,1,0.0817,0.8213,208238.82,2,High School,Salaried,Own,0
26,529816.26,2.9,449196.27,48,9.9,7,2,0.3556,0.7519,203238.89,4,High School,Salaried,Own,1
52,376606.2,4.8,456202.46,12,6.1,7,1,0.2237,0.5586,64151.61,0,Graduate,Salaried,Rent,0
41,859403.96,6.4,387931.07,60,1.4,3,0,0.2689,0.1361,56753.53,3,Graduate,Self-employed,Rent,0
36,669590.27,0.0,673254.56,24,1.2,6,3,0.146,0.6253,43227.66,3,Graduate,Salaried,Rent,1
41,241205.06,0.3,180066.83,60,11.4,6,0,0.1699,0.3376,539202.96,1,Graduate,Salaried,Own,0
31,455493.35,8.4,345030.99,36,5.5,8,0,0.2282,0.3005,474811.37,1,Graduate,Salaried,Mortgage,0
57,150000.0,5.4,614297.76,48,11.8,4,2,0.0948,0.8041,179790.95,3,Graduate,Salaried,Mortgage,1
56,763772.89,3.6,699924.01,36,13.3,3,0,0.1838,0.2743,68103.43,0,Postgraduate,Salaried,Mortgage,1
55,759596.25,3.1,495897.99,60,11.1,6,0,0.2433,0.7028,144161.88,2,High School,Salaried,Own,0
39,420173.33,3.2,373079.92,24,4.9,8,1,0.3678,0.3583,561216.86,3,Graduate,Salaried,Own,1
40,874834.18,6.5,416249.88,24,0.5,5,5,0.1028,0.5007,120257.22,4,Graduate,Salaried,Rent,1
38,321050.4,7.8,728153.74,36,8.3,6,1,0.1759,0.5465,87472.34,2,Graduate,Contract,Own,0
34,381987.54,0.0,460026.04,12,15.4,5,0,0.1198,0.0921,132708.72,2,Graduate,Salaried,Own,0
35,817644.07,11.7,228616.67,24,6.9,7,0,0.2552,0.8061,142404.0,1,Graduate,Salaried,Mortgage,0
51,445058.46,11.4,201839.77,60,0.5,3,1,0.1688,0.3025,324870.39,0,High School,Salaried,Own,0
21,627981.71,0.0,170883.71,60,4.3,6,0,0.1119,0.2072,30789.44,2,Graduate,Contract,Rent,0
23,476737.2,10.3,1159072.17,36,6.3,4,2,0.3311,0.3573,206112.09,2,Graduate,Self-employed,Rent,1
36,518510.47,10.2,760592.53,60,2.6,7,1,0.355,0.6185,103080.01,3,High School,Salaried,Mortgage,0
43,531125.87,6.0,419905.82,36,0.5,5,0,0.25,0.4376,117275.19,0,Graduate,Salaried,Rent,0
31,440652.31,0.8,335050.9,24,6.6,5,1,0.7186,0.4233,329153.64,1,Graduate,Salaried,Rent,0
32,767639.1,10.1,309882.46,48,3.9,8,4,0.2935,0.5316,63529.9,1,High School,Salaried,Mortgage,1
30,460177.23,5.0,915849.18,48,14.1,2,0,0.1198,0.3515,207867.55,1,High School,Self-employed,Own,0
52,655632.26,8.2,1551735.66,60,7.4,3,1,0.3388,0.504,264535.75,1,Graduate,Salaried,Rent,1
36,435358.55,14.9,303609.45,24,8.9,6,0,0.2384,0.1275,286186.22,0,Graduate,Salaried,Rent,0
28,279529.58,7.0,943142.77,48,6.5,3,0,0.2639,0.4158,316856.91,5,Postgraduate,Salaried,Rent,1
58,1073641.85,2.3,458268.83,12,7.4,6,1,0.4277,0.7201,284428.2,0,High School,Self-employed,Own,0
32,855522.34,4.7,391963.52,24,0.5,5,0,0.1523,0.4523,320015.53,0,High School,Salaried,Mortgage,0
44,2288718.88,2.8,1196297.76,12,2.8,1,2,0.0686,0.1879,88971.4,1,High School,Self-employed,Rent,1
48,366056.36,7.7,447036.33,60,11.4,4,1,0.1602,0.3665,536730.33,1,Graduate,Salaried,Mortgage,0
28,579429.56,2.8,545599.11,48,7.8,4,0,0.2567,0.3746,69777.1,0,Graduate,Self-employed,Rent,1
48,605644.54,4.1,528808.12,48,5.4,2,0,0.1276,0.1464,242071.33,1,Graduate,Salaried,Rent,0
56,1120046.58,0.9,156429.9,36,8.9,4,2,0.3748,0.1214,104401.45,1,Graduate,Salaried,Mortgage,0
46,491795.52,5.5,542785.83,36,9.0,6,2,0.3278,0.2693,45545.23,2,Graduate,Self-employed,Rent,1
28,341346.93,6.7,312154.35,24,15.0,7,1,0.1311,0.6176,114076.47,1,Postgraduate,Self-employed,Mortgage,1
48,1263028.24,0.0,178662.41,36,7.7,3,0,0.2482,0.7687,163726.41,3,High School,Salaried,Own,0
48,546106.96,7.0,321535.67,36,2.7,4,3,0.5846,0.6055,545926.26,0,High School,Self-employed,Rent,0
57,1053872.01,5.8,319815.68,48,6.5,5,2,0.3854,0.6429,771776.43,1,High School,Self-employed,Own,0
56,988492.92,2.9,878900.09,36,9.4,5,2,0.2295,0.4934,162267.19,0,High School,Salaried,Own,1
47,639401.51,14.1,225379.2,12,11.0,5,3,0.3022,0.3196,59248.1,1,Postgraduate,Contract,Mortgage,0
37,590576.88,9.8,269305.59,12,0.5,6,2,0.1777,0.3404,63311.07,1,Graduate,Salaried,Own,1
29,524062.9,1.6,524397.48,24,8.0,1,2,0.1878,0.5809,333770.06,6,Graduate,Self-employed,Own,1
53,644591.09,9.4,190086.96,36,3.4,4,3,0.6892,0.6383,317184.19,2,Graduate,Salaried,Rent,1
40,1044901.07,11.0,293211.21,60,4.7,6,1,0.0691,0.6866,110726.45,0,High School,Salaried,Own,0
33,419444.1,6.5,152526.4,48,10.4,7,2,0.3128,0.4863,70356.45,3,High School,Self-employed,Rent,1
48,690100.65,7.4,818321.29,48,10.0,9,0,0.2947,0.4337,398129.22,1,Graduate,Salaried,Rent,0
49,351329.69,7.4,369947.67,36,4.3,4,1,0.2794,0.4251,67394.64,1,Graduate,Salaried,Mortgage,1
33,376234.99,0.0,445368.03,36,6.4,5,2,0.2749,0.5648,126154.47,1,Postgraduate,Contract,Rent,1
55,639032.88,5.3,816195.81,24,4.9,4,2,0.4708,0.5856,262893.97,0,Graduate,Self-employed,Rent,0
26,221159.79,5.0,281398.78,60,18.6,5,0,0.206,0.7816,36315.06,1,Graduate,Salaried,Own,0
38,2018842.49,11.7,367401.78,48,8.1,5,3,0.3049,0.2843,385922.07,1,High School,Salaried,Mortgage,0
25,337238.16,7.3,226474.96,24,3.6,6,0,0.02,0.1841,1208556.49,1,Postgraduate,Self-employed,Rent,0
45,635825.2,4.8,226154.9,36,12.3,4,0,0.1372,0.4178,197170.32,1,High School,Salaried,Rent,0
22,1235822.61,5.6,247365.92,36,12.4,3,0,0.2773,0.3085,175078.56,2,Postgraduate,Salaried,Rent,0
30,404387.84,10.1,326728.26,36,14.2,6,1,0.1221,0.651,186497.38,2,Graduate,Salaried,Rent,1
50,183183.62,5.3,350419.32,60,15.4,7,1,0.3189,0.6226,215473.16,3,High School,Salaried,Own,1
25,508900.34,3.2,542863.81,36,9.8,2,2,0.3235,0.1469,100381.52,3,Graduate,Salaried,Own,0
53,401746.44,4.9,252132.96,36,5.6,7,1,0.3115,0.3621,73221.62,2,Postgraduate,Self-employed,Own,0
21,185855.02,9.8,553913.66,12,6.2,7,0,0.2204,0.1568,135703.12,3,Graduate,Self-employed,Own,0
38,760261.01,8.0,616771.38,12,5.8,6,1,0.2111,0.5111,203535.08,2,High School,Salaried,Mortgage,0
52,728417.22,6.2,332009.36,24,5.4,4,3,0.0596,0.6463,80982.13,1,High School,Salaried,Own,0
31,1218348.96,6.8,266713.92,12,12.0,4,1,0.2661,0.429,61293.26,0,Graduate,Salaried,Mortgage,0
41,350906.59,3.8,475586.58,48,7.0,5,2,0.3362,0.1749,126547.88,2,High School,Salaried,Own,1
46,269736.97,5.2,394394.32,48,10.9,4,3,0.2706,0.5341,61943.81,2,Graduate,Salaried,Mortgage,0
45,519711.92,3.3,519297.15,24,9.7,4,2,0.3059,0.419,308090.76,0,Postgraduate,Self-employed,Own,1
42,619172.49,4.8,1248453.38,60,2.6,2,1,0.0582,0.4438,11469.52,2,Postgraduate,Salaried,Own,1
47,1078918.73,11.4,470530.92,24,0.5,7,0,0.3774,0.746,70700.29,1,High School,Self-employed,Mortgage,0
33,1412031.56,1.7,297004.63,36,2.1,6,4,0.1647,0.4876,557677.42,2,Graduate,Self-employed,Rent,1
53,1267670.05,3.2,252186.61,24,5.3,7,0,0.2003,0.1283,150743.85,3,High School,Salaried,Own,0
54,756779.08,1.0,258608.81,36,7.5,5,1,0.4459,0.1959,208533.63,2,Graduate,Salaried,Own,0
55,1008981.77,0.1,173894.62,24,4.4,7,2,0.286,0.9195,162360.81,1,Postgraduate,Self-employed,Mortgage,1
21,457008.04,5.3,825121.73,36,9.8,6,0,0.5334,0.7259,108973.22,0,Graduate,Self-employed,Own,0
41,713077.22,3.5,105384.58,36,4.9,4,3,0.1955,0.5453,432296.34,2,Postgraduate,Contract,Own,1
26,337566.59,13.0,618016.84,60,8.0,5,1,0.2667,0.2239,113916.71,3,Postgraduate,Salaried,Rent,1
48,672800.82,4.9,255956.13,12,7.5,3,0,0.2878,0.5955,92774.48,2,High School,Contract,Mortgage,1
37,682476.47,11.2,322526.14,24,13.9,2,1,0.2071,0.6113,304407.25,1,Graduate,Salaried,Own,0
25,1675962.82,9.9,251025.77,12,3.1,6,0,0.099,0.3602,38414.5,3,High School,Salaried,Mortgage,0
51,573083.71,5.2,1151775.12,36,15.8,4,1,0.1585,0.2956,143253.82,1,Graduate,Salaried,Rent,0
25,683000.73,14.4,454797.71,12,4.6,8,0,0.0739,0.5223,118841.56,2,High School,Salaried,Rent,0
58,740481.86,7.1,752193.51,60,1.6,9,2,0.1654,0.4139,141123.18,1,Postgraduate,Self-employed,Rent,0
23,506143.99,12.1,1047948.83,36,6.1,8,1,0.1724,0.498,121784.1,3,Graduate,Salaried,Own,1
43,418050.13,11.6,500426.7,36,20.0,7,1,0.3267,0.6834,242991.61,2,Graduate,Contract,Rent,1
57,1327852.95,7.7,206870.32,36,10.6,1,1,0.5771,0.352,433853.03,4,Graduate,Salaried,Rent,0
57,378974.06,9.0,389876.41,24,9.4,4,1,0.3028,0.2651,259933.65,2,Graduate,Contract,Rent,0
30,313129.68,8.5,277768.04,24,10.2,3,1,0.1091,0.1344,137472.78,3,Graduate,Salaried,Rent,0
30,944937.06,1.4,324397.58,36,3.9,7,0,0.4513,0.5899,298301.16,2,Graduate,Self-employed,Rent,1
39,1228771.94,6.2,423156.51,36,8.3,7,1,0.2835,0.3456,327611.97,1,Graduate,Salaried,Rent,1
37,507094.33,10.3,412421.72,24,7.0,8,1,0.0513,0.5012,240254.75,4,Graduate,Salaried,Mortgage,0
41,511395.34,12.1,588230.3,24,14.2,3,2,0.7176,0.4039,416495.96,2,Graduate,Self-employed,Own,0
34,759280.52,3.1,646449.69,60,6.6,8,0,0.2984,0.7394,27523.5,2,High School,Salaried,Own,1
29,440386.78,8.1,412424.52,12,5.5,2,3,0.3138,0.5702,183895.63,1,High School,Salaried,Mortgage,1
21,422855.48,6.6,584935.96,48,2.3,4,1,0.1176,0.5968,230267.02,3,Postgraduate,Self-employed,Own,0
33,1054422.27,5.5,314871.2,48,7.6,4,0,0.2898,0.3698,55034.94,3,Graduate,Salaried,Mortgage,1
24,907682.34,7.4,1057702.59,36,8.2,3,1,0.3573,0.1889,214771.32,2,Graduate,Salaried,Rent,0
21,1336901.3,6.9,311582.84,24,2.2,3,1,0.3375,0.3411,374247.51,1,High School,Salaried,Own,0
60,326375.45,8.2,979868.91,24,8.8,2,3,0.147,0.5183,150484.04,3,High School,Salaried,Own,1
52,493053.65,11.8,172397.69,48,7.9,4,2,0.2427,0.7412,304353.04,1,High School,Self-employed,Own,1
54,758711.14,9.1,351420.27,48,11.1,8,0,0.3498,0.9304,407956.08,1,Graduate,Salaried,Own,0
48,390676.91,7.2,362894.36,48,11.8,8,0,0.2442,0.2561,526856.32,1,Postgraduate,Salaried,Rent,0
51,925098.72,13.5,539472.74,60,7.4,3,2,0.2867,0.2958,456085.35,0,Graduate,Salaried,Mortgage,1
28,1274765.17,10.4,787945.17,48,2.9,1,2,0.0692,0.2505,536701.6,0,Graduate,Self-employed,Own,1
59,471597.32,5.6,199764.81,24,3.7,4,1,0.1028,0.2778,120701.29,2,Graduate,Contract,Rent,1
46,663944.08,1.1,218997.13,24,14.0,7,0,0.2538,0.3084,131742.73,2,Graduate,Salaried,Own,0
54,1447455.75,2.0,180911.39,60,7.7,10,0,0.094,0.7925,24883.38,2,Postgraduate,Salaried,Mortgage,1
23,1748601.72,9.7,1061424.67,24,14.0,3,0,0.4105,0.8414,76770.65,1,Graduate,Salaried,Rent,0
32,979618.34,3.5,546039.22,12,9.0,3,0,0.1647,0.7738,477095.22,1,Graduate,Salaried,Rent,0
21,900867.7,2.0,222384.15,48,10.0,5,1,0.1864,0.524,110949.11,3,Graduate,Salaried,Mortgage,0
25,406432.26,3.0,337388.78,36,10.8,5,0,0.2644,0.5034,247405.22,0,Graduate,Self-employed,Mortgage,1
50,791981.1,3.3,970093.53,60,2.1,3,0,0.1934,0.2636,218227.51,2,Graduate,Self-employed,Rent,1
50,882910.49,9.4,375579.47,48,8.2,7,2,0.1591,0.623,485658.54,1,High School,Salaried,Mortgage,0
37,578980.49,5.4,361432.5,12,2.1,5,0,0.4129,0.7517,35753.6,1,High School,Salaried,Own,0
43,468644.94,0.5,270806.55,60,5.9,3,1,0.3108,0.569,238665.01,2,Postgraduate,Salaried,Mortgage,0
35,321262.53,6.1,231135.14,24,9.6,7,0,0.4996,0.5362,235580.05,3,Postgraduate,Contract,Own,1
57,249940.03,6.9,971079.23,36,2.9,4,5,0.6449,0.4757,90623.98,1,High School,Contract,Mortgage,1
41,222657.88,4.1,1335797.29,36,9.2,4,1,0.3029,0.7273,388057.79,4,Postgraduate,Salaried,Mortgage,1
34,893964.24,10.6,237192.3,12,1.0,4,1,0.3727,0.5831,58775.71,2,Graduate,Self-employed,Rent,1
22,705006.48,4.3,1121542.33,36,11.6,6,1,0.2179,0.4551,421822.89,1,Graduate,Salaried,Rent,1
31,498137.55,10.4,327813.37,24,4.3,3,1,0.3476,0.5916,32085.63,4,High School,Salaried,Own,0
59,541677.82,8.4,636585.53,36,2.9,7,1,0.4001,0.3464,87271.21,1,Graduate,Salaried,Rent,0
58,729771.27,9.7,1125391.84,36,1.3,4,3,0.144,0.5475,160942.39,2,High School,Salaried,Own,0
54,593752.56,1.6,409504.46,48,4.7,4,1,0.1381,0.2888,214237.39,1,Graduate,Salaried,Mortgage,0
58,310961.19,6.4,363611.26,48,0.5,2,0,0.0831,0.7785,40386.27,0,High School,Salaried,Rent,0
54,1073975.52,5.8,757444.46,24,4.8,5,2,0.2703,0.2257,414587.63,1,Graduate,Salaried,Own,0
38,768347.23,0.3,218716.91,36,11.4,8,0,0.1728,0.4862,328916.81,1,High School,Salaried,Own,1
50,752361.2,10.4,948457.97,36,6.2,5,1,0.3739,0.5457,825184.76,1,High School,Self-employed,Own,1
35,1030327.35,2.7,493771.91,24,2.3,2,1,0.594,0.1729,315653.83,2,High School,Salaried,Rent,0
47,415493.69,3.6,309113.88,48,7.9,2,1,0.2467,0.3182,99865.96,1,High School,Contract,Rent,0
54,1267148.85,1.9,303851.36,48,7.6,3,0,0.0585,0.737,76395.04,1,Graduate,Salaried,Mortgage,0
58,601814.22,8.8,183093.5,24,14.8,5,2,0.4005,0.1928,128571.3,3,Graduate,Salaried,Mortgage,0
53,1059658.27,0.0,317581.88,36,10.2,9,0,0.229,0.9453,1030303.7,0,Postgraduate,Salaried,Mortgage,0
44,973520.94,8.5,379032.91,24,8.2,4,0,0.1844,0.5951,186987.65,2,Graduate,Salaried,Mortgage,1
35,367098.92,10.2,225745.17,36,10.6,5,2,0.1685,0.1214,193477.26,1,Graduate,Salaried,Own,0
50,857111.13,8.1,436896.07,24,6.5,4,3,0.0719,0.4117,542683.12,0,High School,Salaried,Own,0
37,777764.23,8.9,611945.78,60,6.7,5,0,0.4058,0.6093,70904.49,1,Graduate,Contract,Own,0
25,660927.25,9.0,391697.83,48,13.6,3,0,0.4927,0.593,277029.8,1,High School,Self-employed,Rent,0
49,617122.72,2.2,692299.99,36,0.5,5,3,0.3102,0.1946,272062.35,1,Graduate,Contract,Own,1
24,620007.19,11.7,266295.5,36,10.9,4,0,0.3247,0.1658,387161.85,2,Graduate,Salaried,Rent,0
30,1016328.14,4.2,863890.81,60,6.6,8,0,0.072,0.408,355950.48,0,Graduate,Salaried,Own,0
37,893211.28,5.7,487079.4,36,5.8,4,1,0.0945,0.5154,171743.82,0,Graduate,Salaried,Rent,0
30,660988.03,4.7,1228641.96,24,4.8,6,0,0.3423,0.1632,59529.18,1,Postgraduate,Self-employed,Own,0
37,286118.91,8.0,2161351.15,36,7.6,4,1,0.0962,0.1673,114554.74,2,High School,Contract,Own,1
40,853133.67,3.8,331487.22,60,6.8,1,1,0.3829,0.71,353058.45,0,High School,Self-employed,Own,1
44,967736.51,6.3,340479.89,48,5.3,7,3,0.4441,0.1917,793503.03,1,Graduate,Salaried,Own,1
25,2303529.77,1.1,383442.7,48,4.2,8,4,0.4339,0.9382,67667.81,1,Postgraduate,Salaried,Mortgage,1
54,1174338.8,10.7,662787.25,60,0.5,6,1,0.2184,0.5993,64195.89,0,Graduate,Salaried,Rent,0
26,228703.26,8.7,1065423.94,60,4.1,5,3,0.4182,0.2714,51102.54,3,High School,Salaried,Own,1
22,678652.04,4.8,294394.9,60,5.0,2,1,0.4528,0.5341,97447.81,2,Graduate,Salaried,Own,0
33,1760280.81,4.1,576546.71,12,7.6,9,1,0.2111,0.3723,384139.51,1,Postgraduate,Salaried,Mortgage,0
31,915915.61,8.6,411947.06,36,14.9,5,1,0.098,0.3803,515898.37,1,High School,Salaried,Own,0
43,778781.91,3.2,672511.02,48,4.5,1,0,0.4183,0.3075,34125.04,1,High School,Salaried,Rent,0
36,1066457.97,6.5,1200381.96,48,2.9,4,2,0.1822,0.8965,68636.0,4,Postgraduate,Salaried,Rent,1
51,461584.14,10.6,384919.5,36,4.1,4,1,0.2074,0.4442,59096.66,3,Postgraduate,Self-employed,Rent,0
31,845494.67,2.8,151992.87,24,7.6,4,2,0.39,0.1386,89910.6,3,Graduate,Salaried,Own,0
36,566351.52,7.5,729809.6,48,9.4,4,1,0.4297,0.1003,150667.99,2,Postgraduate,Salaried,Mortgage,0
28,643022.33,7.3,261906.92,48,9.9,4,3,0.1521,0.6452,130977.2,4,High School,Self-employed,Rent,1
24,1025178.83,5.6,410026.73,12,10.3,6,1,0.3965,0.9005,271513.6,0,Graduate,Salaried,Rent,1
60,390442.28,4.0,750558.52,36,10.9,10,2,0.3636,0.7381,38537.83,0,Graduate,Salaried,Rent,0
24,1319967.93,10.9,545964.65,24,5.9,5,1,0.2657,0.5878,118692.96,0,Graduate,Contract,Rent,0
45,515133.34,3.6,421209.18,36,15.2,2,0,0.1896,0.2238,537042.71,1,Graduate,Salaried,Mortgage,0
23,750197.81,0.0,309489.59,12,5.6,2,0,0.2188,0.2713,553668.59,0,Postgraduate,Salaried,Mortgage,0
52,300874.42,8.6,68327.79,36,7.4,4,0,0.323,0.296,681811.64,3,Graduate,Salaried,Rent,1
23,965728.63,1.2,708504.29,36,12.2,3,0,0.1641,0.4425,246548.77,1,High School,Salaried,Rent,1
47,1440217.65,8.8,381774.06,36,9.3,4,1,0.3857,0.598,106579.32,2,Graduate,Salaried,Mortgage,1
49,489761.98,11.3,1203412.04,48,0.5,2,0,0.508,0.7938,207026.48,3,Graduate,Salaried,Rent,1
52,352958.15,8.5,582870.95,60,7.0,6,1,0.0844,0.0841,1359852.66,4,High School,Salaried,Own,1
39,757378.44,10.3,316561.04,24,10.4,5,1,0.1302,0.3341,117743.11,0,Postgraduate,Contract,Mortgage,0
41,1446812.61,14.1,900286.58,24,1.6,11,2,0.1914,0.2691,779947.18,0,High School,Salaried,Own,1
25,292818.0,9.9,950969.22,60,10.0,5,2,0.1337,0.3601,25623.88,0,High School,Self-employed,Rent,0
38,353719.02,7.3,390284.87,24,8.6,4,0,0.304,0.5977,284446.49,1,Graduate,Salaried,Rent,0
48,506319.61,12.5,977615.8,60,11.7,6,1,0.3179,0.7646,302103.29,2,Graduate,Salaried,Mortgage,1
42,413965.76,13.0,313656.16,60,4.2,3,1,0.2198,0.5106,242699.9,0,Graduate,Salaried,Rent,0
41,414685.48,13.1,499205.9,36,11.0,4,0,0.1724,0.5592,255752.02,1,Graduate,Self-employed,Own,1
26,205450.68,4.0,652403.37,60,7.6,5,1,0.2144,0.7718,273562.26,3,Graduate,Self-employed,Mortgage,1
21,898703.96,0.6,749462.0,12,14.1,3,0,0.1599,0.5438,283992.54,2,High School,Salaried,Mortgage,0
25,783106.45,3.8,674004.5,36,18.1,2,0,0.5894,0.337,138153.47,2,High School,Salaried,Own,0
32,255342.38,8.8,362498.53,48,13.2,6,0,0.2221,0.3553,144912.79,1,Graduate,Contract,Rent,1
46,1448711.81,6.6,916123.38,36,8.9,7,0,0.2891,0.1855,60600.56,0,Graduate,Contract,Own,0
54,1638560.08,5.2,415037.89,60,16.3,8,1,0.5113,0.5977,323418.8,1,Postgraduate,Salaried,Rent,0
34,430081.32,8.2,310871.55,12,9.4,3,0,0.1125,0.4489,510187.11,1,Graduate,Salaried,Rent,0
46,1234688.62,0.1,313854.0,36,3.4,6,0,0.1567,0.3188,726664.25,1,Graduate,Self-employed,Mortgage,0
47,474292.19,6.6,1588014.92,36,6.8,6,3,0.0963,0.5116,93325.45,5,Graduate,Salaried,Rent,1
29,718083.92,10.5,277815.81,48,10.0,8,2,0.3984,0.6482,45317.49,2,High School,Self-employed,Rent,0
46,410470.14,8.2,1041909.62,24,10.3,6,5,0.2892,0.4678,243229.52,1,Graduate,Salaried,Rent,1
42,2196917.9,8.8,215119.62,36,2.5,5,1,0.0578,0.5479,71411.29,2,Graduate,Self-employed,Own,0
50,552339.5,12.4,617936.76,60,2.6,8,1,0.3585,0.3425,284397.09,4,Graduate,Salaried,Own,0
37,696814.56,5.7,545854.16,24,5.6,10,1,0.1393,0.8093,30835.94,0,High School,Salaried,Mortgage,0
46,445237.03,3.4,1290835.62,48,9.1,4,1,0.4,0.2826,429544.1,1,Graduate,Salaried,Own,0
56,1809301.14,10.8,294090.15,36,9.7,6,1,0.3044,0.4962,203482.73,1,High School,Self-employed,Own,0
21,1834652.59,10.7,245750.27,48,7.6,4,0,0.2623,0.5006,38701.8,0,Graduate,Self-employed,Own,0
28,1593970.6,8.2,417179.19,48,3.7,2,1,0.3723,0.7456,229573.44,0,Graduate,Contract,Rent,0
55,1099944.01,5.4,1327919.58,24,13.9,6,1,0.2355,0.2992,194207.28,2,Postgraduate,Contract,Own,0
35,460972.37,6.0,253292.4,36,2.7,4,0,0.0467,0.6128,273491.74,0,Graduate,Salaried,Own,0
42,1024838.09,0.9,83661.32,60,12.2,5,2,0.3327,0.1194,341916.9,4,Graduate,Salaried,Rent,0
34,647487.07,10.5,467826.11,36,10.0,7,1,0.0496,0.6825,26047.12,4,Graduate,Self-employed,Rent,0
46,1337820.54,10.3,834170.22,60,12.1,4,0,0.4457,0.4657,123469.09,2,High School,Contract,Own,0
48,1200770.23,0.8,232821.89,36,5.2,5,1,0.1638,0.169,167625.58,4,High School,Salaried,Own,0
43,454808.43,9.5,780865.95,24,6.4,9,2,0.2708,0.336,142118.17,0,High School,Salaried,Own,0
34,1094744.8,7.6,229500.55,36,7.2,7,1,0.3755,0.6113,135929.18,0,Graduate,Salaried,Own,0
44,945856.92,1.9,409110.19,60,5.1,3,1,0.2065,0.1299,418433.11,2,Graduate,Salaried,Own,1
22,150000.0,1.2,733986.83,36,7.9,4,0,0.02,0.4754,45057.74,3,Postgraduate,Self-employed,Mortgage,1
46,1009779.75,7.5,207970.26,60,13.3,7,2,0.1981,0.7116,142560.99,0,Postgraduate,Self-employed,Own,0
34,512594.29,4.4,506351.58,60,1.8,2,1,0.131,0.7474,151889.26,2,Graduate,Salaried,Own,0
27,399274.45,13.3,991263.47,36,4.4,3,2,0.2706,0.5785,164912.92,1,Graduate,Contract,Rent,1
23,408780.78,9.8,612350.45,12,3.9,5,0,0.207,0.5032,82360.48,1,Graduate,Salaried,Rent,1
43,603405.09,7.9,281699.43,48,6.6,1,1,0.1815,0.7853,998599.66,2,High School,Salaried,Mortgage,0
38,846411.06,8.1,1207629.36,36,6.5,3,1,0.2129,0.7723,393793.93,1,Postgraduate,Contract,Rent,0
58,306730.11,11.3,690352.76,48,10.1,5,1,0.3219,0.0883,1055938.45,0,High School,Salaried,Rent,0
55,721540.62,9.4,134283.92,36,7.1,8,1,0.2626,0.4128,300417.7,0,Graduate,Salaried,Own,0
35,892645.3,8.0,789189.08,36,8.2,4,3,0.1779,0.1804,331219.6,3,Graduate,Self-employed,Rent,1
45,1809789.0,2.1,310397.68,48,8.6,4,2,0.4857,0.1409,179370.1,0,Graduate,Contract,Own,0
57,359528.26,18.2,511329.34,36,8.0,4,0,0.1162,0.5315,628554.88,2,Graduate,Self-employed,Rent,0
48,536295.69,1.6,866489.67,36,9.8,7,4,0.6385,0.6456,282980.85,1,Postgraduate,Self-employed,Own,1
30,750610.59,4.7,314821.12,36,6.5,6,2,0.1923,0.5138,154537.65,1,High School,Salaried,Mortgage,0
59,1221759.72,0.0,154410.15,36,13.6,5,2,0.497,0.2832,788564.47,0,High School,Salaried,Own,0
37,549852.04,8.2,1197333.11,36,17.2,3,2,0.2697,0.5961,63478.59,1,Graduate,Contract,Own,1
59,1256675.62,6.6,959322.05,48,9.8,6,1,0.0672,0.3012,100209.53,0,High School,Salaried,Own,0
42,223950.06,9.1,425187.89,36,7.9,7,3,0.3998,0.3686,1705223.03,1,Graduate,Salaried,Mortgage,1
46,326239.2,0.0,783657.08,36,9.5,3,0,0.1929,0.2502,307821.36,1,Graduate,Salaried,Mortgage,1
45,787392.42,10.5,353946.65,48,2.6,5,0,0.578,0.8083,21899.03,3,Postgraduate,Self-employed,Rent,1
37,299172.07,2.8,479276.75,24,7.7,3,1,0.4841,0.533,406710.84,0,Graduate,Salaried,Rent,1
33,340703.83,5.4,409714.44,24,4.1,4,1,0.2768,0.3744,79398.06,2,Postgraduate,Self-employed,Rent,0
40,486236.48,9.7,363374.48,60,9.0,7,1,0.0907,0.0567,113693.41,0,Graduate,Salaried,Rent,0
45,993529.55,7.0,568382.3,48,4.1,4,1,0.2453,0.1526,1385351.09,0,Postgraduate,Salaried,Rent,0
24,229107.59,7.3,205188.97,36,5.6,2,0,0.0991,0.45,676795.95,2,High School,Self-employed,Rent,0
30,713824.02,9.2,382114.4,48,0.5,4,1,0.2625,0.4938,890199.93,2,Graduate,Salaried,Mortgage,0
23,1147226.46,7.7,552061.38,12,2.3,8,1,0.5565,0.4513,110732.54,2,Postgraduate,Salaried,Own,0
38,583913.29,4.6,1486252.37,36,8.4,7,5,0.1261,0.5045,142604.0,0,Graduate,Contract,Rent,1
56,530656.93,5.3,210682.1,36,3.5,2,1,0.1548,0.6577,214409.85,1,Postgraduate,Self-employed,Own,1
42,810739.32,6.8,631190.09,36,11.3,4,2,0.4624,0.8301,360565.86,4,High School,Salaried,Mortgage,1
54,584824.2,2.4,677794.6,36,3.2,8,2,0.2332,0.165,136916.28,1,Postgraduate,Salaried,Own,0
28,1396531.92,10.0,132871.22,12,8.8,5,2,0.2367,0.0543,808883.91,2,Graduate,Salaried,Own,0
60,352727.29,7.2,587627.59,24,4.0,4,2,0.2205,0.1668,266641.6,1,High School,Salaried,Rent,0
39,631796.96,6.3,797460.96,60,8.5,1,1,0.1531,0.8024,593300.93,2,High School,Salaried,Own,0
57,727853.56,10.8,659757.16,36,0.9,7,2,0.2743,0.2795,96444.25,4,High School,Salaried,Own,0
26,527855.53,5.5,426108.87,36,5.2,5,0,0.1717,0.0808,128747.61,2,Postgraduate,Salaried,Own,0
46,150000.0,5.3,558834.64,12,3.6,7,1,0.0775,0.1979,219092.98,1,Graduate,Salaried,Own,1
54,594948.39,4.1,502525.63,12,10.5,7,2,0.3119,0.1483,124669.22,2,Postgraduate,Salaried,Own,0
26,1066427.66,7.4,150069.77,48,8.8,3,1,0.2956,0.4521,416187.7,2,Graduate,Salaried,Own,0
57,997181.12,7.2,510252.55,36,2.1,6,3,0.2642,0.3659,422874.32,0,Postgraduate,Contract,Own,1
53,790053.39,3.3,354479.96,36,6.2,5,4,0.2376,0.5994,148666.63,2,Graduate,Contract,Rent,1
42,355365.94,5.3,284608.11,24,3.9,7,2,0.2401,0.5422,304701.86,1,High School,Salaried,Own,0
41,807863.06,3.4,2263071.08,48,10.8,5,1,0.4219,0.2657,921903.1,1,High School,Self-employed,Mortgage,1
26,474177.42,3.2,1015816.3,24,12.1,5,0,0.0689,0.1011,415147.89,1,Postgraduate,Self-employed,Mortgage,0
26,789490.63,0.0,213073.19,24,1.2,3,0,0.074,0.9378,303250.14,2,Graduate,Salaried,Mortgage,0
24,694922.35,5.1,563721.94,36,10.3,6,0,0.5729,0.4539,507354.65,2,High School,Salaried,Rent,0
50,379922.0,0.0,1160915.29,36,3.7,6,1,0.6111,0.1628,690636.05,2,High School,Salaried,Rent,1
31,397868.54,4.1,170156.42,24,6.0,4,0,0.2814,0.2519,606247.48,2,Graduate,Salaried,Own,0
50,790159.41,3.5,473090.46,48,7.1,5,0,0.445,0.486,169927.86,1,Postgraduate,Salaried,Rent,0
51,575569.6,10.2,487794.81,48,14.3,6,0,0.1786,0.6526,370474.59,2,Graduate,Contract,Rent,0
44,409451.14,1.9,196532.38,48,3.0,7,0,0.4708,0.3425,141812.89,2,Graduate,Self-employed,Own,1
29,391277.0,3.0,575912.24,36,10.3,6,4,0.1051,0.314,172328.33,4,Postgraduate,Contract,Rent,1
23,549970.92,4.5,929649.6,12,2.3,8,0,0.2626,0.4076,264105.9,0,Graduate,Contract,Rent,0
51,1539834.16,3.7,1199282.23,24,2.0,6,0,0.1812,0.7379,56497.7,1,Postgraduate,Self-employed,Mortgage,1
60,486691.01,11.5,382665.38,60,7.1,3,1,0.0243,0.1188,241742.08,0,Graduate,Salaried,Rent,0
57,645007.29,1.4,2287733.47,36,7.1,8,1,0.0877,0.3384,103524.03,2,Postgraduate,Salaried,Rent,1
56,687372.75,4.5,118104.43,48,0.5,2,0,0.1939,0.8482,69690.82,2,High School,Salaried,Rent,0
44,348942.74,7.3,567243.37,12,11.6,6,5,0.2019,0.5227,339980.44,1,Graduate,Self-employed,Mortgage,1
51,246512.94,9.5,179694.16,36,0.5,7,1,0.2583,0.1099,146105.34,0,Graduate,Salaried,Own,1
26,369562.53,4.5,477166.89,12,6.4,5,2,0.4618,0.7256,214636.61,3,High School,Self-employed,Rent,1
22,744613.22,0.0,320540.36,36,12.3,5,3,0.1447,0.4487,148986.69,3,Graduate,Contract,Rent,1
40,681982.8,5.4,625604.22,60,15.8,5,2,0.1935,0.4888,109907.77,1,Graduate,Salaried,Mortgage,0
48,956514.53,11.4,414376.56,60,5.5,1,0,0.3294,0.55,197751.9,0,High School,Salaried,Rent,0
31,685524.89,7.1,263053.61,36,1.3,7,1,0.2209,0.624,60531.16,2,Graduate,Self-employed,Mortgage,0
24,611992.64,6.9,274529.43,36,12.2,4,1,0.2843,0.5659,166661.64,1,Postgraduate,Salaried,Own,0
35,466270.35,1.7,1580262.51,60,10.5,4,2,0.2343,0.6262,877909.41,1,Graduate,Salaried,Rent,1
26,1057334.18,1.3,600365.13,48,5.0,6,0,0.4765,0.4985,68949.59,1,Graduate,Self-employed,Mortgage,1
50,392063.29,6.1,148838.81,12,4.5,6,1,0.3614,0.1987,563340.08,0,High School,Self-employed,Rent,0
58,352923.96,0.3,643717.27,36,4.1,4,2,0.3584,0.7413,955653.21,2,High School,Salaried,Rent,1
22,887894.47,9.1,396512.57,24,5.6,3,2,0.0753,0.2896,96019.4,1,Graduate,Contract,Rent,1
35,312228.67,2.6,451347.83,36,8.3,4,0,0.1466,0.1572,233935.17,3,Postgraduate,Salaried,Mortgage,0
31,2453099.02,5.9,766760.8,36,4.7,4,0,0.4503,0.3851,63635.62,1,Postgraduate,Self-employed,Rent,0
28,679236.06,0.0,971018.23,36,5.2,5,2,0.283,0.0612,56455.94,3,Graduate,Self-employed,Own,1
46,787072.78,4.4,257499.89,36,9.6,2,1,0.2834,0.4645,205756.38,3,Graduate,Salaried,Rent,0
25,416689.55,1.3,441384.12,24,1.1,7,2,0.1085,0.4694,249710.18,3,Graduate,Salaried,Mortgage,1
26,546523.17,0.0,315536.84,36,5.5,7,2,0.0664,0.6716,114368.4,5,Graduate,Contract,Rent,1
46,514016.8,8.2,663287.15,60,0.5,6,2,0.5937,0.4003,72832.46,4,Graduate,Salaried,Rent,0
24,482491.41,12.6,386932.27,48,7.4,6,0,0.2214,0.5009,96140.91,1,Graduate,Salaried,Own,0
39,920669.69,10.5,458637.92,36,0.5,4,1,0.4996,0.3808,367172.4,1,High School,Salaried,Own,0
40,507605.99,8.7,377498.91,60,10.6,2,2,0.5054,0.2201,369184.4,0,Postgraduate,Salaried,Mortgage,0
53,1137511.25,4.3,420006.38,60,1.7,1,1,0.2742,0.5489,300956.01,2,High School,Contract,Rent,1
40,2812200.79,9.2,1362764.64,24,0.5,4,3,0.0975,0.6888,132220.83,2,Graduate,Salaried,Mortgage,1
32,552484.11,10.9,2128654.97,12,5.5,2,2,0.176,0.2507,76134.96,1,Postgraduate,Salaried,Own,1
21,706798.7,6.5,574992.76,48,13.8,5,3,0.4258,0.1471,514484.47,2,Graduate,Salaried,Rent,0
46,800861.08,1.3,421688.64,48,9.8,2,0,0.1781,0.2425,669071.67,1,High School,Self-employed,Mortgage,0
34,1760406.47,4.0,159506.34,60,0.5,5,1,0.5612,0.2463,118277.16,0,High School,Salaried,Own,1
58,621114.9,12.8,274506.72,60,1.6,6,1,0.0785,0.2634,158512.96,1,Graduate,Salaried,Own,0
57,411995.76,5.7,414415.53,36,5.4,8,0,0.4824,0.2601,55663.03,1,High School,Contract,Mortgage,0
31,323916.28,0.0,282719.85,36,16.0,8,0,0.2173,0.4749,275918.84,3,Graduate,Salaried,Own,0
56,629597.79,0.1,302721.15,12,3.2,5,2,0.3025,0.1974,947271.58,2,Graduate,Salaried,Rent,0
33,507939.96,4.3,1252943.35,24,3.3,4,1,0.3483,0.3909,382933.56,1,Postgraduate,Contract,Mortgage,1
23,1963487.43,10.1,458500.61,36,13.1,4,3,0.2874,0.5818,1056329.47,1,High School,Self-employed,Rent,0
53,1720545.54,4.9,485940.11,36,7.8,6,1,0.1038,0.0462,131716.2,1,Graduate,Self-employed,Own,0
26,367994.25,10.2,290331.6,36,11.2,8,4,0.392,0.3128,63235.44,4,Graduate,Salaried,Rent,1
30,439683.13,3.9,967438.3,48,4.1,3,1,0.403,0.7637,599684.24,1,Graduate,Salaried,Rent,0
25,676915.14,0.0,391925.38,24,6.6,6,1,0.2981,0.2442,206520.66,2,High School,Salaried,Own,0
43,1401708.17,4.0,320757.76,36,12.3,8,3,0.072,0.5054,88103.39,1,Graduate,Contract,Own,1
30,670705.13,7.4,161057.2,12,6.4,5,0,0.274,0.0445,804976.85,0,Graduate,Contract,Own,0
22,455315.24,7.0,432477.95,36,11.5,3,1,0.1812,0.968,110841.53,2,High School,Salaried,Mortgage,0
33,629286.96,1.0,314319.47,48,8.5,6,3,0.0901,0.3431,73488.21,2,Postgraduate,Salaried,Rent,0
60,460036.43,4.6,1345101.05,48,2.8,6,0,0.1569,0.4829,291268.42,3,Postgraduate,Salaried,Own,1
22,905361.97,16.7,1491864.16,60,6.9,4,4,0.5073,0.2139,63532.93,0,High School,Salaried,Mortgage,1
40,440100.81,1.1,201605.99,24,10.9,9,0,0.2747,0.3971,407824.69,0,Graduate,Salaried,Own,0
21,490896.12,8.6,216989.29,36,9.7,3,3,0.3373,0.8021,71600.85,0,Graduate,Self-employed,Own,0
57,1231558.8,0.0,376019.05,36,6.8,5,0,0.3189,0.2239,220114.72,1,High School,Contract,Own,0
29,425971.16,9.5,264759.79,36,0.5,5,2,0.2208,0.4241,231898.69,1,Graduate,Self-employed,Own,0
37,293419.09,2.4,518307.32,60,0.5,7,1,0.1459,0.5207,222492.08,3,Postgraduate,Self-employed,Own,0
29,684863.07,7.6,363923.0,48,0.7,5,1,0.198,0.3538,64251.29,3,Graduate,Self-employed,Rent,1
31,533101.58,0.8,540013.21,60,5.0,2,1,0.3433,0.4904,154058.4,2,Postgraduate,Self-employed,Own,1
35,861134.66,7.2,871057.83,24,5.5,3,1,0.5439,0.5818,540139.45,4,Graduate,Salaried,Rent,1
44,774007.78,2.4,225315.94,60,1.1,7,1,0.0851,0.1825,153138.61,1,High School,Salaried,Mortgage,0
58,638688.71,3.1,859314.41,12,11.1,6,0,0.1616,0.347,71682.93,1,High School,Salaried,Mortgage,0
55,628539.25,7.8,280233.59,60,1.9,9,4,0.2981,0.5094,126077.9,1,Graduate,Self-employed,Rent,1
50,433655.4,4.3,1818489.4,36,1.5,5,1,0.2574,0.6807,65780.25,1,Graduate,Contract,Rent,1
51,680490.09,7.5,1290625.11,36,7.4,5,0,0.4283,0.6706,31423.97,1,High School,Salaried,Own,1
25,1055404.09,5.2,418110.34,36,10.9,5,1,0.2805,0.0918,156304.2,2,Graduate,Contract,Mortgage,1
34,380534.43,6.3,240547.68,60,15.2,4,1,0.3744,0.5679,194993.31,1,Postgraduate,Salaried,Mortgage,1
31,648073.3,7.8,212424.09,12,9.3,4,1,0.4358,0.6983,314840.07,0,Graduate,Self-employed,Rent,0
29,1150654.49,4.6,794017.98,36,13.3,8,0,0.3185,0.3628,261608.49,1,High School,Contract,Rent,1
54,858301.65,2.0,441194.48,60,2.2,4,1,0.3997,0.5427,294322.11,1,High School,Self-employed,Mortgage,0
32,1335662.17,3.9,821975.89,36,15.6,4,2,0.5212,0.485,174181.95,1,Postgraduate,Contract,Rent,1
55,475560.49,10.8,1885590.69,24,0.5,7,3,0.1903,0.4345,987282.55,0,Postgraduate,Salaried,Own,1
55,237472.0,6.5,272734.47,36,5.0,4,1,0.354,0.4903,91813.21,0,Graduate,Salaried,Rent,0
21,725840.91,2.6,202280.98,36,9.2,4,0,0.0607,0.5773,139667.95,0,Postgraduate,Salaried,Mortgage,0
60,793446.66,7.6,510000.51,60,0.6,3,1,0.157,0.5428,678487.27,2,High School,Salaried,Rent,1
42,1379676.65,7.9,947040.0,48,3.3,6,1,0.3896,0.4108,131766.04,1,High School,Contract,Own,0
49,1249442.23,8.1,244190.44,36,2.7,6,1,0.4512,0.5098,164808.31,1,High School,Salaried,Own,0
28,873214.61,2.1,460242.56,60,5.8,7,1,0.1038,0.2392,248714.23,1,High School,Salaried,Mortgage,0
31,990229.74,3.3,1096387.5,36,12.7,4,0,0.2839,0.4653,458025.93,1,Postgraduate,Self-employed,Rent,0
57,584917.35,3.3,155691.58,12,7.1,7,0,0.6281,0.3673,201655.21,1,Graduate,Salaried,Rent,0
34,332439.98,4.6,524373.52,24,5.1,3,0,0.3746,0.6467,88762.27,1,High School,Salaried,Rent,0
50,693477.66,8.2,316771.46,36,0.5,5,2,0.0637,0.1884,129657.37,0,Postgraduate,Salaried,Mortgage,0
55,1115867.9,7.2,487821.41,24,8.9,10,0,0.3692,0.2743,277261.67,2,Postgraduate,Salaried,Own,0
41,932594.83,7.5,713803.26,60,10.2,5,2,0.1129,0.9261,142148.01,1,High School,Salaried,Own,1
57,1028201.46,11.4,519451.33,48,0.5,5,2,0.2432,0.4229,123855.56,2,Graduate,Salaried,Rent,1
25,513734.57,8.8,233364.83,24,6.7,2,3,0.1693,0.7401,85400.93,1,Graduate,Salaried,Own,1
39,561674.0,5.4,324874.06,36,7.8,1,1,0.1132,0.4584,467660.55,2,Graduate,Salaried,Own,0
34,847979.43,1.3,1137437.29,48,10.9,5,4,0.1609,0.7848,163317.28,5,Graduate,Self-employed,Rent,1
46,481253.08,3.1,557272.29,60,4.1,3,0,0.2158,0.6813,164147.79,2,High School,Self-employed,Mortgage,1
24,489472.35,5.0,777011.4,60,3.5,5,1,0.301,0.7084,310091.86,2,Graduate,Salaried,Rent,1
45,765755.24,9.3,529503.37,36,5.2,3,1,0.2839,0.561,60525.75,2,Postgraduate,Contract,Own,0
45,987789.85,5.9,761410.8,48,12.1,4,2,0.379,0.4808,186148.84,3,Postgraduate,Contract,Mortgage,1
38,582443.15,3.4,347843.49,36,11.2,5,0,0.346,0.4777,600170.77,2,High School,Contract,Mortgage,0
60,342824.33,3.1,273243.96,36,6.9,5,3,0.315,0.5346,171038.74,1,High School,Salaried,Mortgage,1
28,433668.41,5.7,739261.04,24,11.1,5,0,0.0517,0.714,214555.69,1,Postgraduate,Contract,Rent,1
59,727047.64,9.6,936398.08,24,0.5,5,1,0.2689,0.5904,210754.41,3,Graduate,Self-employed,Own,1
60,722204.9,12.4,248381.22,36,10.2,5,2,0.1327,0.5389,420747.27,2,Graduate,Salaried,Rent,0
34,742225.67,5.2,309476.9,24,2.5,7,1,0.2621,0.6706,211439.05,1,Graduate,Salaried,Rent,0
52,865826.7,5.8,404701.76,12,14.1,6,2,0.0985,0.3995,1297020.21,3,Graduate,Self-employed,Own,0
58,652080.6,1.1,1289659.59,48,2.7,5,1,0.351,0.291,216583.88,1,Graduate,Salaried,Mortgage,1
53,752012.68,13.8,648904.55,12,3.6,7,1,0.473,0.2311,127021.28,2,Graduate,Salaried,Rent,0
43,634100.6,0.4,190297.98,36,9.2,3,2,0.0894,0.5809,603360.17,0,High School,Salaried,Rent,1
35,1222649.84,10.7,423608.11,36,9.6,7,0,0.2883,0.4803,152080.19,3,Postgraduate,Self-employed,Own,0
53,1429043.3,4.5,383533.28,60,5.2,5,1,0.3813,0.4419,111416.53,1,Postgraduate,Contract,Rent,0
45,337989.95,3.6,209898.14,36,8.5,3,2,0.311,0.1438,69561.77,3,Postgraduate,Salaried,Own,0
37,564863.32,1.6,420368.97,12,9.0,11,0,0.0869,0.4136,264003.97,1,Postgraduate,Self-employed,Rent,0
53,661804.92,15.6,372681.16,36,8.6,5,0,0.1952,0.5477,124834.47,2,Graduate,Salaried,Rent,0
22,561251.59,6.9,355735.13,60,5.4,6,1,0.1893,0.2395,96647.79,0,High School,Self-employed,Own,0
34,1742506.35,6.1,345312.46,60,9.0,7,1,0.3843,0.7624,114469.26,0,High School,Salaried,Mortgage,1
60,735203.82,9.5,1171046.87,36,12.6,6,6,0.2671,0.1752,134599.07,3,High School,Contract,Own,1
60,417388.67,3.4,355256.68,36,2.1,3,0,0.3491,0.1907,350418.67,2,Graduate,Salaried,Mortgage,0
59,902361.89,6.0,464765.87,60,3.6,2,0,0.3287,0.3998,265014.77,1,Graduate,Salaried,Rent,0
26,754464.6,6.2,433135.46,24,7.1,5,2,0.2661,0.1747,160344.51,2,Postgraduate,Salaried,Mortgage,0
26,768375.44,4.0,324078.78,36,2.8,5,3,0.2074,0.2757,281921.37,2,Graduate,Self-employed,Own,1
23,1756896.62,10.8,473866.51,36,0.5,8,2,0.1504,0.2316,165320.23,2,Graduate,Contract,Mortgage,1
27,788320.09,5.1,469526.84,12,11.4,3,1,0.0813,0.3838,212344.54,0,Graduate,Salaried,Own,1
28,550022.14,0.0,473944.07,36,0.5,2,0,0.0713,0.0969,105573.21,1,High School,Salaried,Rent,1
35,221754.37,4.8,257429.54,24,5.4,7,3,0.2545,0.3034,106356.18,3,Postgraduate,Self-employed,Rent,1
49,593479.64,7.0,393573.03,48,10.0,4,1,0.4219,0.6447,203168.34,2,Graduate,Contract,Own,1
53,1333091.31,2.4,737640.66,60,8.1,2,0,0.2811,0.7189,203533.18,3,High School,Salaried,Rent,0
50,618210.71,2.7,400361.05,24,5.5,4,1,0.3374,0.1919,404196.65,1,Postgraduate,Salaried,Mortgage,1
59,189605.37,3.8,499898.87,48,2.6,5,0,0.2666,0.1554,268383.4,1,Graduate,Salaried,Rent,1
47,494166.77,10.9,501609.35,12,8.4,2,1,0.0444,0.4116,121437.47,1,Graduate,Salaried,Rent,0
56,1122093.1,4.1,590254.86,36,3.0,4,3,0.2646,0.282,64644.21,3,Graduate,Salaried,Rent,0
49,877583.24,11.7,647015.78,12,8.1,6,1,0.2873,0.0709,364683.38,2,Graduate,Salaried,Rent,0
58,409541.35,3.5,401838.27,60,7.6,2,2,0.4469,0.305,234696.63,3,High School,Salaried,Own,1
53,476308.49,7.3,248857.3,48,7.6,3,2,0.5192,0.5315,390854.39,1,Postgraduate,Self-employed,Own,0
57,518573.93,4.2,203788.49,48,4.4,6,1,0.2361,0.1608,259814.29,1,Postgraduate,Contract,Mortgage,1
47,451456.85,9.0,871960.17,48,15.1,8,0,0.4137,0.4902,762747.37,0,Graduate,Contract,Rent,1
53,212863.63,1.5,742416.48,48,8.4,7,1,0.402,0.6323,151389.04,3,Graduate,Self-employed,Mortgage,1
24,989250.38,9.0,686313.57,60,5.9,2,2,0.1523,0.5237,186062.65,2,Postgraduate,Self-employed,Rent,1
42,1297708.56,6.5,762444.62,48,8.1,3,1,0.0999,0.6121,338774.07,2,Graduate,Salaried,Mortgage,0
22,281976.98,3.4,405141.42,60,3.9,3,0,0.2246,0.6375,359016.91,2,Postgraduate,Self-employed,Rent,1
30,1288316.33,5.3,299788.71,36,5.5,3,0,0.1802,0.3018,233839.18,1,Graduate,Salaried,Mortgage,0
25,614193.24,12.1,237931.49,24,16.6,9,1,0.3034,0.6369,50404.55,1,Graduate,Self-employed,Own,0
30,1275119.47,6.6,221665.63,36,3.9,8,1,0.372,0.454,43754.06,2,Graduate,Contract,Own,0
53,663709.86,3.2,989451.48,24,6.7,3,2,0.2137,0.1612,132184.33,4,Graduate,Contract,Rent,1
58,700309.16,1.2,326589.3,36,5.2,3,1,0.3036,0.5525,183168.94,0,High School,Salaried,Own,0
33,797762.89,8.0,893285.27,36,2.8,5,0,0.1648,0.724,40389.46,2,Graduate,Self-employed,Rent,1
51,420917.09,6.8,398525.62,36,8.7,8,1,0.1252,0.3047,175758.25,1,Graduate,Contract,Own,0
56,1253936.58,8.8,289944.87,12,7.1,9,0,0.0844,0.6167,303052.65,0,Graduate,Salaried,Own,0
44,350798.86,0.2,220944.26,24,10.6,4,0,0.0476,0.7281,171673.96,1,High School,Self-employed,Mortgage,0
35,521044.61,1.3,307030.55,36,10.2,5,1,0.0825,0.5203,227934.45,3,Graduate,Salaried,Mortgage,0
49,867241.89,10.6,1131277.49,60,10.6,3,0,0.2179,0.4003,288072.13,1,Graduate,Contract,Rent,1
28,491231.24,7.3,222407.44,36,3.3,4,1,0.1719,0.2223,49995.97,1,Postgraduate,Salaried,Rent,0
25,996864.19,8.1,1781361.1,36,9.6,4,2,0.1845,0.5387,303390.97,4,Postgraduate,Salaried,Rent,1
49,1385337.07,2.1,260565.11,48,9.7,8,3,0.5464,0.2209,100096.01,1,Postgraduate,Self-employed,Mortgage,1
24,1134415.32,2.1,732684.41,36,2.9,3,3,0.4843,0.1501,148780.47,1,High School,Salaried,Mortgage,0
32,224103.71,10.0,409457.96,36,5.7,7,0,0.3318,0.7037,106068.32,1,Postgraduate,Salaried,Mortgage,1
22,696583.87,10.2,365360.25,36,1.2,3,2,0.238,0.349,424990.15,2,High School,Salaried,Mortgage,0
47,1144528.22,1.6,196925.22,24,9.7,3,3,0.1951,0.1882,70458.31,0,High School,Self-employed,Mortgage,1
51,315059.18,0.9,422121.06,60,9.7,4,2,0.4148,0.4424,543501.83,2,High School,Salaried,Mortgage,1
56,967734.9,5.6,211952.39,24,12.7,8,1,0.4178,0.074,1219771.75,2,Postgraduate,Self-employed,Own,0
56,938305.69,2.8,150840.42,36,6.1,4,1,0.2568,0.3247,52042.51,1,High School,Self-employed,Mortgage,0
46,333726.88,2.7,486378.3,12,8.8,3,0,0.1596,0.2925,112630.68,1,High School,Salaried,Mortgage,0
47,1028442.01,1.0,297740.58,24,11.0,7,2,0.2571,0.4682,293804.63,0,High School,Self-employed,Rent,1
25,755180.01,4.1,1344898.9,48,4.0,1,0,0.1774,0.7994,81304.14,1,Graduate,Salaried,Rent,1
40,929533.03,1.4,862005.54,24,3.4,3,1,0.0812,0.4489,144814.99,1,Postgraduate,Salaried,Rent,0
31,382030.54,1.6,1356385.2,12,4.1,4,1,0.3824,0.5057,207194.64,1,Graduate,Salaried,Mortgage,1
30,705951.99,7.2,289071.39,36,5.6,4,2,0.2635,0.4759,101768.44,1,Graduate,Salaried,Own,0
60,254497.03,5.8,491635.27,12,3.5,2,0,0.0866,0.3669,192201.32,4,High School,Salaried,Rent,1
58,185791.89,7.9,81925.6,12,4.3,5,3,0.3447,0.2341,384500.8,0,High School,Salaried,Mortgage,1
26,702347.29,0.0,374681.39,48,10.5,6,1,0.0662,0.3026,169068.64,1,High School,Self-employed,Rent,0
28,1190705.24,6.0,479753.06,48,6.6,4,0,0.1208,0.2633,78416.42,5,Graduate,Salaried,Mortgage,0
43,747016.75,14.3,497392.19,60,8.2,2,0,0.386,0.2137,457083.53,3,Graduate,Contract,Mortgage,0
46,627709.22,4.5,437776.33,60,4.8,5,1,0.2343,0.3535,546855.5,1,Graduate,Salaried,Mortgage,1
32,586298.24,9.3,469906.04,48,4.5,6,4,0.3156,0.7453,241729.81,0,Postgraduate,Salaried,Rent,0
46,387052.91,9.3,77141.38,12,8.1,6,1,0.3276,0.4583,82065.93,1,Postgraduate,Salaried,Mortgage,0
33,575332.92,9.5,531547.08,48,7.5,1,0,0.4985,0.4212,89190.55,2,High School,Salaried,Rent,0
60,819667.54,6.7,616145.73,60,10.1,8,1,0.3186,0.3684,27064.13,0,High School,Self-employed,Own,0
38,511629.2,8.3,1073805.43,48,12.2,5,3,0.0413,0.3772,112084.7,2,Graduate,Salaried,Own,1
45,982200.18,8.8,571878.94,36,4.2,2,1,0.3631,0.1591,422175.21,1,High School,Salaried,Own,0
53,723976.28,8.5,413339.17,24,10.4,9,1,0.2877,0.2844,104144.8,2,Graduate,Salaried,Mortgage,0
60,773798.14,1.5,922843.65,60,2.7,4,1,0.3561,0.8102,83781.38,4,Graduate,Salaried,Own,1
32,1059695.5,0.0,97220.38,48,15.3,2,0,0.0831,0.452,407998.86,4,Postgraduate,Salaried,Mortgage,0
56,486509.72,0.0,321993.4,60,3.9,3,1,0.1678,0.7813,452134.91,1,Graduate,Salaried,Rent,0
24,934145.01,4.9,273546.36,24,9.8,8,1,0.3437,0.8011,117219.93,0,High School,Salaried,Own,1
25,525531.52,8.4,440014.82,24,2.7,5,1,0.1867,0.2577,270565.99,2,High School,Salaried,Own,1
57,783448.5,1.6,107780.55,24,6.4,5,0,0.588,0.5631,89905.15,1,High School,Salaried,Rent,0
28,455683.33,9.7,1061046.29,48,13.2,4,2,0.3592,0.258,136845.31,3,Graduate,Self-employed,Mortgage,0
48,393895.35,4.0,382554.51,24,3.7,3,0,0.1207,0.4627,41966.37,6,Graduate,Salaried,Own,1
51,683685.47,4.0,553612.75,12,15.8,6,1,0.1837,0.7348,240095.93,2,Postgraduate,Salaried,Own,0
29,230468.07,2.7,520222.64,60,7.0,3,1,0.2502,0.7343,165774.1,1,Graduate,Salaried,Mortgage,1
49,552263.49,0.0,1022356.99,12,10.9,5,1,0.2401,0.5026,105152.85,2,Graduate,Salaried,Own,0
34,268664.94,6.9,134152.87,60,8.6,7,1,0.1909,0.7088,167223.76,1,Graduate,Salaried,Rent,1
60,997798.23,12.9,484082.98,36,8.8,4,4,0.349,0.1445,151550.07,1,High School,Salaried,Own,1
42,1158096.73,5.7,947913.69,60,1.3,6,0,0.3977,0.8719,92866.22,0,Postgraduate,Salaried,Own,0
31,404155.29,0.0,422232.62,36,5.1,4,0,0.3213,0.6135,247595.77,1,High School,Salaried,Mortgage,1
43,822661.23,9.1,242480.79,60,11.8,5,1,0.2888,0.1624,141825.51,2,Graduate,Self-employed,Rent,0
21,1065817.09,0.0,303906.17,60,5.6,3,0,0.2001,0.495,161666.03,3,High School,Self-employed,Own,0
57,1067772.98,1.2,348568.68,12,7.6,9,1,0.074,0.2804,55948.28,1,Graduate,Salaried,Rent,0
41,731370.61,5.0,281621.81,12,0.8,5,0,0.0916,0.6878,162790.29,2,Postgraduate,Salaried,Rent,0
46,973443.65,6.5,407450.87,24,4.8,6,0,0.2474,0.4598,155943.36,3,High School,Self-employed,Own,0
56,454791.99,2.0,1199438.0,48,11.5,4,1,0.4211,0.014,92987.55,0,Graduate,Self-employed,Rent,1
43,680406.03,4.9,305197.92,60,1.9,5,2,0.418,0.3062,275390.98,1,High School,Contract,Mortgage,0
21,502736.15,8.9,327752.75,36,9.9,7,0,0.2419,0.3726,33338.4,1,Graduate,Salaried,Own,1
60,434149.51,9.4,606742.79,36,7.7,4,1,0.1583,0.5306,122388.22,1,Graduate,Salaried,Rent,0
35,663021.37,11.0,401663.37,24,6.1,6,1,0.5232,0.4917,230654.38,1,Graduate,Self-employed,Own,0
41,786910.15,13.6,189668.39,48,5.9,7,0,0.2517,0.2326,964648.85,4,Graduate,Self-employed,Rent,0
29,1232626.07,9.2,432453.63,60,5.0,5,2,0.1368,0.2097,60365.55,2,Postgraduate,Salaried,Mortgage,1
29,752053.83,5.1,421984.32,24,5.4,4,2,0.3828,0.5221,193225.68,2,Graduate,Self-employed,Rent,1
30,925222.41,9.4,848473.21,36,10.7,6,3,0.1769,0.5862,279018.78,0,Graduate,Salaried,Rent,1
46,931017.53,7.9,239211.6,12,5.3,3,0,0.2815,0.4017,189357.2,2,Graduate,Salaried,Own,0
55,2850119.68,8.0,852143.76,36,14.2,8,3,0.0684,0.9164,67160.28,4,Graduate,Salaried,Mortgage,1
45,240195.83,6.7,422275.34,36,8.2,5,1,0.1761,0.6103,122243.97,2,High School,Salaried,Mortgage,1
46,445237.9,2.4,219003.01,24,4.7,4,1,0.4111,0.8219,25524.48,1,Graduate,Self-employed,Rent,1
31,1462208.43,1.9,192201.0,36,10.9,3,3,0.1366,0.7081,180557.56,1,High School,Self-employed,Rent,0
58,535587.98,5.6,1582245.19,36,9.5,3,0,0.0916,0.161,57988.38,0,Graduate,Self-employed,Own,0
22,1058030.13,6.6,405573.52,36,0.5,3,1,0.3522,0.8643,259170.36,2,Graduate,Salaried,Mortgage,1
27,737656.01,3.3,827141.07,36,2.9,1,1,0.4503,0.8432,106721.11,0,High School,Salaried,Own,0
38,2069026.91,7.7,148260.37,12,6.5,6,2,0.2283,0.3869,98982.69,2,Graduate,Salaried,Own,0
47,352409.0,14.3,2499258.23,48,0.7,5,2,0.1428,0.5684,205654.39,0,Postgraduate,Salaried,Rent,1
54,1272784.97,0.0,804206.91,48,15.4,2,3,0.3127,0.7791,221663.86,2,Graduate,Self-employed,Rent,0
47,1701460.16,8.3,381157.03,36,10.3,4,1,0.1268,0.5402,361399.61,2,High School,Salaried,Own,0
37,372055.11,5.7,368794.57,12,6.9,10,0,0.1592,0.4846,146038.07,1,Postgraduate,Salaried,Rent,1
44,999795.74,7.8,725409.53,48,5.6,4,1,0.4644,0.2018,165394.19,2,Graduate,Salaried,Rent,1
45,382201.7,4.3,698835.71,60,4.6,6,3,0.397,0.2195,59376.44,2,High School,Salaried,Rent,1
27,660872.7,5.4,506686.07,24,0.5,8,2,0.4141,0.2835,573453.23,4,Graduate,Self-employed,Own,1
26,564448.42,6.5,453193.31,36,0.5,7,0,0.2298,0.5165,85234.35,1,Graduate,Salaried,Rent,0
44,173375.14,4.8,648032.72,24,14.6,5,2,0.4449,0.547,321444.41,3,Graduate,Self-employed,Own,1
53,820817.84,0.0,145058.96,36,13.3,5,3,0.1096,0.4802,323340.74,5,Graduate,Self-employed,Mortgage,0
49,703317.84,5.1,353512.56,24,4.7,7,1,0.2352,0.0265,247863.69,0,Graduate,Salaried,Rent,0
42,1466253.52,0.3,154282.61,36,10.6,4,1,0.2194,0.4985,148865.7,0,Graduate,Salaried,Own,0
46,909687.72,8.6,666628.29,48,9.0,3,2,0.0537,0.3359,134662.04,1,Graduate,Self-employed,Mortgage,0
48,2291492.25,0.0,290025.4,36,9.5,5,3,0.2773,0.4403,171005.51,2,Graduate,Salaried,Rent,1
41,689416.56,10.1,162020.33,36,1.3,1,2,0.1401,0.2965,39245.86,0,Postgraduate,Self-employed,Rent,0
27,613346.99,7.7,268616.94,36,0.5,6,2,0.4026,0.4605,176280.7,0,Graduate,Salaried,Rent,0
37,587323.75,7.7,495877.6,36,11.7,4,1,0.3103,0.2925,590847.3,0,Graduate,Salaried,Own,1
40,510401.96,0.0,393802.35,12,0.5,6,0,0.4359,0.2905,150246.26,0,High School,Contract,Own,1
40,193003.7,4.7,209913.56,12,6.4,5,0,0.4441,0.2295,175346.62,2,Graduate,Salaried,Rent,0
42,575860.43,10.6,148573.98,60,5.5,2,1,0.3737,0.2159,79333.69,0,Postgraduate,Salaried,Mortgage,0
48,208440.22,3.9,472153.38,12,5.2,10,2,0.1332,0.2404,208827.11,2,High School,Salaried,Mortgage,1
60,833464.16,1.7,308508.17,48,8.3,5,1,0.2637,0.6463,96600.27,2,High School,Salaried,Rent,1
27,328632.2,3.5,380503.4,60,4.3,3,0,0.1708,0.4802,355257.21,1,Graduate,Salaried,Mortgage,0
21,397458.06,5.7,405634.38,24,8.6,7,3,0.1426,0.447,448549.69,2,Graduate,Salaried,Rent,1
52,449797.17,2.6,595136.2,36,7.6,6,3,0.1111,0.3757,534127.27,1,Graduate,Salaried,Own,1
33,580713.83,10.9,780365.82,36,15.4,7,3,0.2425,0.7955,56719.76,2,High School,Contract,Rent,1
50,652460.04,5.7,494960.8,60,1.5,7,1,0.1612,0.4373,320898.62,0,High School,Salaried,Own,0
43,1180196.39,3.8,365383.29,60,7.1,6,1,0.315,0.2867,302036.78,1,Graduate,Salaried,Rent,0
39,473111.37,0.8,457301.94,48,8.7,3,0,0.3639,0.3756,129140.42,0,Graduate,Salaried,Own,1
52,846451.36,7.9,360951.48,12,6.0,3,1,0.0621,0.3803,467359.55,1,Graduate,Salaried,Rent,0
50,2918862.72,7.8,154715.49,48,1.7,5,0,0.233,0.2644,250764.24,1,Graduate,Salaried,Own,0
49,799922.82,2.8,915081.01,36,12.0,5,1,0.0884,0.629,539935.41,0,Graduate,Salaried,Rent,0
49,588574.19,0.0,809553.49,36,8.3,9,3,0.4285,0.6558,65291.42,1,High School,Contract,Rent,1
50,423451.49,7.6,1638710.09,12,1.9,4,2,0.4448,0.1345,101668.0,3,Graduate,Salaried,Rent,1
36,584110.4,5.3,1981426.13,24,8.8,3,2,0.1758,0.3833,194015.04,1,High School,Salaried,Rent,1
60,399235.38,7.3,209523.2,48,13.8,1,0,0.1336,0.8185,459909.29,1,High School,Self-employed,Mortgage,0
39,753505.37,13.8,361852.85,36,6.9,6,0,0.4273,0.6485,258991.8,1,Graduate,Salaried,Mortgage,0
38,688091.37,5.9,2302494.36,36,7.0,4,1,0.5249,0.8351,84291.96,0,High School,Self-employed,Mortgage,1
21,197898.01,3.9,438293.9,36,13.3,4,0,0.2475,0.6696,745481.78,1,Graduate,Salaried,Mortgage,1
34,643399.26,1.4,527413.39,60,3.1,2,1,0.1063,0.2778,142193.83,5,Graduate,Self-employed,Rent,1
22,1174799.57,4.8,167421.25,48,13.9,4,1,0.1278,0.3466,86477.93,0,Graduate,Self-employed,Rent,0
48,521892.09,6.6,496178.23,24,10.9,5,1,0.1645,0.7298,96822.45,2,Graduate,Contract,Own,1
50,453901.01,6.2,1579729.37,24,3.3,4,1,0.2293,0.4343,62001.86,2,Postgraduate,Salaried,Mortgage,1
58,304672.35,12.9,1038522.55,24,4.3,1,2,0.2624,0.1687,29818.06,2,Graduate,Self-employed,Own,1
24,233942.82,8.0,302704.65,60,4.9,2,3,0.3481,0.5239,163969.78,2,Graduate,Salaried,Own,1
21,1026812.33,5.5,347804.99,36,0.5,6,1,0.073,0.219,51897.68,0,Postgraduate,Self-employed,Rent,0
28,588254.27,3.2,215759.08,36,8.0,4,0,0.2375,0.5911,231340.58,1,Graduate,Salaried,Rent,0
49,993847.94,7.1,258783.43,36,3.5,2,3,0.078,0.4524,395591.84,0,Graduate,Salaried,Own,0
59,1508996.93,2.4,130009.8,36,8.2,9,1,0.0968,0.0517,243289.69,2,Graduate,Salaried,Own,0
23,1078858.25,6.7,425861.76,48,1.8,9,0,0.2891,0.4001,186447.0,1,Graduate,Salaried,Rent,0
52,482348.84,7.9,1200891.56,36,10.7,2,0,0.2044,0.0755,52471.61,4,Postgraduate,Salaried,Mortgage,0
30,703909.35,5.1,566954.09,24,10.0,6,1,0.1985,0.5931,354176.84,2,High School,Self-employed,Mortgage,1
30,463518.96,3.5,1093679.44,24,4.2,3,2,0.2705,0.4703,854236.41,2,Postgraduate,Salaried,Mortgage,1
39,440281.24,0.0,904027.42,36,8.4,8,0,0.3193,0.3302,555335.32,1,Graduate,Self-employed,Mortgage,1
54,784872.04,10.6,315393.9,60,7.3,2,3,0.1636,0.3753,62086.5,2,Postgraduate,Salaried,Rent,1
53,411253.88,7.6,274669.42,36,12.9,4,1,0.1775,0.5026,169115.67,2,High School,Salaried,Mortgage,0
43,192855.07,7.7,281597.18,60,2.9,8,3,0.3275,0.6115,143562.84,2,Postgraduate,Salaried,Own,1
48,398812.36,0.0,147401.08,48,6.4,7,1,0.2753,0.4211,130912.29,2,High School,Salaried,Mortgage,0
52,549049.02,11.5,459556.66,24,4.4,3,0,0.543,0.1925,183941.78,0,Graduate,Salaried,Rent,1
27,1500781.93,4.1,68125.1,12,7.2,4,2,0.1949,0.5167,1017417.29,2,Graduate,Contract,Own,0
49,496188.93,4.8,660943.04,24,9.1,5,0,0.4237,0.3367,196142.75,0,Graduate,Salaried,Rent,0
28,861375.57,1.7,471524.09,48,4.4,4,1,0.3605,0.2849,126151.35,0,Graduate,Self-employed,Rent,0
21,592530.79,0.0,611358.48,24,5.5,5,0,0.2969,0.4639,228441.36,1,High School,Salaried,Mortgage,1
23,1276012.41,10.6,894538.7,36,10.9,3,0,0.3548,0.7056,62948.14,2,Graduate,Contract,Mortgage,0
44,1228286.48,11.1,512071.4,36,12.4,5,2,0.4742,0.2892,101503.79,1,High School,Salaried,Own,0
43,1241243.12,5.3,1299544.65,48,9.0,4,1,0.0808,0.5053,396209.26,2,Graduate,Contract,Own,0
28,250455.54,3.3,674190.26,24,6.4,7,1,0.0269,0.7094,209271.47,2,Graduate,Salaried,Mortgage,1
57,728269.08,4.5,275094.63,36,6.1,8,3,0.12,0.5707,967137.74,1,High School,Salaried,Rent,0
23,986722.25,4.6,385574.88,36,9.2,4,1,0.1366,0.6056,222984.26,2,Graduate,Salaried,Mortgage,0
53,801767.43,1.2,103483.11,36,7.9,5,1,0.3823,0.0589,66439.86,1,Graduate,Salaried,Own,0
48,922511.96,4.8,250340.95,48,0.5,3,0,0.299,0.8776,50648.48,1,Graduate,Salaried,Own,0
28,671198.83,6.6,351285.72,24,9.3,3,2,0.3319,0.6814,401125.03,1,Postgraduate,Salaried,Mortgage,0
54,431531.73,10.1,641831.26,48,3.6,5,3,0.2117,0.2373,78236.44,0,Graduate,Self-employed,Own,1
55,255588.52,6.1,276307.1,48,1.3,2,1,0.1789,0.6811,72824.91,0,High School,Salaried,Own,1
52,455733.94,0.0,200171.8,36,0.5,5,4,0.2457,0.6604,119219.85,0,High School,Salaried,Mortgage,1
44,2835384.39,7.4,131940.6,48,6.1,4,0,0.1534,0.6763,399399.96,0,Graduate,Salaried,Mortgage,0
34,497633.68,5.0,305385.89,36,2.9,12,0,0.3344,0.1694,134125.74,3,Graduate,Self-employed,Mortgage,0
52,221253.2,11.5,1599267.92,24,0.5,4,1,0.3273,0.8499,91805.08,0,High School,Salaried,Own,1
36,972557.8,11.7,536714.96,48,5.6,5,1,0.1995,0.1164,474870.67,1,High School,Salaried,Rent,1
24,1040519.48,11.9,828796.13,36,5.0,11,3,0.1924,0.5559,414269.52,3,Graduate,Salaried,Rent,1
57,1319490.26,3.8,250688.8,48,6.4,6,0,0.0988,0.2678,683078.49,1,Graduate,Salaried,Rent,0
41,842194.13,14.0,161823.34,36,4.5,4,2,0.2078,0.1765,530606.82,3,High School,Salaried,Own,0
34,1034892.87,7.4,203475.83,60,14.3,4,0,0.4149,0.1249,419930.69,2,Graduate,Contract,Rent,1
51,1788427.08,12.5,422467.43,36,9.1,4,0,0.4161,0.3665,98688.01,1,Postgraduate,Salaried,Own,0
38,431368.17,4.0,123108.22,12,5.0,4,3,0.198,0.299,304959.74,1,Postgraduate,Salaried,Mortgage,0
27,386779.39,4.8,233916.41,36,6.7,4,2,0.0438,0.1342,475641.81,0,Postgraduate,Self-employed,Mortgage,0
30,356006.78,7.1,307388.72,48,12.7,2,4,0.3072,0.4004,794406.62,1,Postgraduate,Salaried,Rent,1
27,561605.19,6.6,190689.44,48,10.8,5,2,0.1501,0.628,206408.36,0,High School,Self-employed,Rent,0
53,1429892.71,11.0,113165.76,36,1.4,7,1,0.3918,0.3731,121436.22,3,High School,Contract,Mortgage,0
43,869058.09,5.1,543224.4,60,3.1,4,2,0.2829,0.6999,88734.74,3,Graduate,Contract,Own,1
41,850439.21,10.7,463619.43,24,3.9,5,2,0.476,0.2742,394059.19,0,Graduate,Salaried,Mortgage,1
39,238973.58,8.9,746665.28,36,5.2,4,2,0.3285,0.6732,105590.91,0,Postgraduate,Salaried,Mortgage,1
39,443953.4,5.1,218649.69,60,4.6,5,1,0.2568,0.6226,196124.87,2,High School,Contract,Own,0
56,236834.28,8.6,737449.32,60,7.1,5,1,0.109,0.7284,89009.61,1,Graduate,Salaried,Own,1
49,1237882.51,4.1,1215967.47,48,9.9,7,2,0.187,0.2248,158510.29,2,Graduate,Salaried,Own,1
38,1554762.27,15.4,533621.7,60,10.6,4,1,0.3363,0.1452,255735.95,0,Graduate,Salaried,Own,1
22,997980.83,0.0,302714.16,12,5.7,7,4,0.3299,0.1903,223264.53,1,Graduate,Salaried,Own,1
21,377752.81,8.7,494501.41,60,0.5,4,2,0.2163,0.2848,324834.55,4,High School,Contract,Mortgage,1
25,1468629.21,0.0,293443.69,36,2.8,1,2,0.1607,0.0416,59960.31,2,Postgraduate,Self-employed,Mortgage,0
40,565484.09,5.1,263344.56,24,4.9,7,1,0.4935,0.1943,163976.34,2,Graduate,Salaried,Rent,0
31,333292.26,5.7,701602.38,24,2.0,5,1,0.0605,0.4113,123568.6,0,Graduate,Self-employed,Mortgage,1
22,382431.68,12.0,411111.67,36,11.6,8,1,0.0896,0.161,82029.2,1,High School,Salaried,Own,0
23,513056.62,3.2,984919.35,24,2.3,5,1,0.2139,0.7378,98824.53,0,Graduate,Contract,Mortgage,0
43,667968.19,11.2,337536.16,36,9.5,8,3,0.589,0.7623,88031.21,4,High School,Salaried,Rent,1
32,594804.66,1.3,360497.17,24,0.5,2,0,0.3682,0.6056,238150.19,3,High School,Salaried,Rent,1
40,298868.82,11.4,311380.44,36,9.6,3,2,0.3565,0.4787,247910.54,3,High School,Salaried,Rent,1
25,1266859.63,4.1,217267.29,36,6.4,2,0,0.3742,0.2403,362656.54,1,High School,Salaried,Rent,0
57,598328.01,6.3,764042.77,36,13.1,5,0,0.6297,0.8696,234020.13,2,Graduate,Salaried,Rent,0
58,438959.76,4.7,1863031.29,36,2.5,8,0,0.3229,0.2034,204383.88,1,Graduate,Salaried,Mortgage,1
50,1197077.76,11.1,351004.79,48,4.7,3,0,0.0986,0.3478,191726.48,1,Postgraduate,Contract,Own,0
29,339033.51,10.4,289144.11,60,5.5,3,3,0.4378,0.2379,309043.84,2,High School,Contract,Mortgage,0
54,265358.77,7.8,277213.32,48,6.4,10,3,0.0867,0.6734,33363.83,0,High School,Self-employed,Own,1
55,1308766.62,1.4,289287.49,36,5.6,5,2,0.0724,0.3671,171683.39,4,Postgraduate,Contract,Rent,0
42,1839475.36,3.1,1315019.77,48,5.7,4,3,0.316,0.2303,231995.65,6,High School,Contract,Own,0
44,504122.63,1.9,282092.56,24,5.6,10,1,0.0969,0.8461,753449.06,2,High School,Self-employed,Mortgage,0
37,633771.74,0.0,307607.36,24,0.5,3,1,0.1405,0.4876,73972.73,2,High School,Salaried,Own,0
30,345954.33,11.0,200942.2,36,11.0,4,2,0.5205,0.1602,71913.87,0,Postgraduate,Contract,Rent,1
50,651966.56,4.7,544636.87,48,18.4,4,1,0.3625,0.5109,29258.92,0,Postgraduate,Salaried,Mortgage,1
43,500363.32,4.6,430758.83,24,8.2,3,0,0.0529,0.2717,59165.13,2,Graduate,Salaried,Rent,0
52,614495.57,12.0,214880.35,12,2.5,3,1,0.1362,0.75,159479.15,2,Graduate,Salaried,Own,0
37,814084.75,4.1,251868.81,24,2.9,7,1,0.2441,0.5699,100859.69,0,Graduate,Salaried,Own,0
37,355310.6,2.6,1218839.28,60,9.5,2,0,0.1344,0.5409,99151.76,2,Postgraduate,Contract,Rent,0
34,532709.44,5.1,459669.44,48,8.5,11,2,0.3071,0.5289,183332.24,3,High School,Self-employed,Rent,0
29,241023.05,1.5,480747.94,24,5.9,5,3,0.2638,0.2017,286804.76,0,Postgraduate,Contract,Mortgage,1
60,534712.57,7.4,481989.62,36,10.0,5,2,0.2526,0.3124,181809.76,1,High School,Self-employed,Mortgage,0
22,617441.07,4.5,1114046.42,36,0.5,5,5,0.3177,0.2741,183885.92,1,Graduate,Salaried,Own,1
45,737239.42,4.0,228116.91,48,10.0,2,3,0.1521,0.3162,248599.76,1,High School,Self-employed,Rent,0
59,741547.68,3.6,347787.09,24,8.0,7,2,0.1771,0.6013,41545.52,4,Graduate,Salaried,Rent,1
29,1068626.95,5.6,403194.95,60,3.0,4,5,0.2982,0.4572,199567.5,2,Graduate,Salaried,Rent,1
42,278705.53,6.3,147007.45,36,1.3,3,1,0.6357,0.2035,169526.75,2,Graduate,Self-employed,Own,0
24,287010.84,3.9,248081.07,48,7.5,3,1,0.4148,0.4538,178980.48,1,Graduate,Salaried,Rent,1
46,869483.39,4.6,888545.82,12,12.6,3,0,0.2945,0.2031,112810.46,2,Graduate,Self-employed,Rent,0
49,211779.08,5.7,737588.7,36,6.1,7,1,0.1625,0.6274,152715.79,2,Graduate,Salaried,Own,1
54,718946.88,5.3,827443.69,36,3.6,11,2,0.37,0.7262,248408.36,1,High School,Self-employed,Mortgage,1
43,339614.53,6.1,306843.84,36,7.8,4,0,0.141,0.215,652098.14,3,Graduate,Salaried,Mortgage,1
57,1543828.14,3.3,332468.69,12,14.3,5,3,0.0917,0.4081,46518.97,1,High School,Salaried,Own,0
31,745996.71,10.0,140752.78,48,8.7,4,2,0.0693,0.6143,284400.64,1,Graduate,Salaried,Own,0
26,576189.47,6.4,824687.92,24,9.2,5,0,0.2862,0.5469,476871.79,0,Graduate,Salaried,Own,1
38,1276936.14,4.0,917884.49,48,11.9,3,1,0.5587,0.4113,65138.07,0,Graduate,Salaried,Own,1
41,362165.49,7.4,910320.02,48,8.9,10,0,0.2284,0.5897,155933.06,2,Graduate,Salaried,Own,0
56,402058.28,5.7,1276537.86,36,3.9,7,3,0.1965,0.0768,224433.01,0,Graduate,Self-employed,Own,1
58,324787.85,0.0,592066.03,48,0.5,4,1,0.3128,0.2499,897949.71,4,Graduate,Salaried,Own,1
54,403913.52,7.4,1237960.78,48,3.3,5,2,0.1507,0.4804,1024150.73,3,Graduate,Salaried,Own,1
37,672220.19,1.9,395021.06,36,2.6,3,0,0.0728,0.1226,65130.58,2,Postgraduate,Salaried,Mortgage,0
57,852903.06,9.7,142692.34,48,9.6,4,2,0.0761,0.3555,141340.37,3,Graduate,Contract,Own,1
45,1102961.69,5.0,787386.02,36,10.2,6,3,0.2406,0.4059,211145.96,1,Graduate,Contract,Own,1
58,238262.77,9.1,139312.51,36,7.7,3,2,0.5552,0.6042,280934.19,2,Graduate,Salaried,Mortgage,0
32,591373.45,3.5,502642.37,48,1.9,5,0,0.2491,0.0256,211366.84,4,Postgraduate,Salaried,Rent,0
43,353358.06,6.3,837321.46,36,14.1,3,0,0.1706,0.1907,84307.07,3,Graduate,Salaried,Own,1
42,580601.4,10.8,555581.77,36,5.3,6,1,0.3434,0.5052,81378.31,1,Graduate,Salaried,Mortgage,0
41,2346692.88,4.9,1978522.39,36,9.4,4,2,0.1092,0.385,52455.0,3,Graduate,Salaried,Own,0
47,763181.85,3.6,125385.59,48,7.2,5,0,0.4259,0.7187,35747.53,1,Graduate,Salaried,Rent,1
51,1066010.12,8.6,426404.38,60,7.8,6,1,0.3395,0.3222,51506.87,3,Graduate,Salaried,Own,0
26,1910943.85,8.5,455134.8,36,9.3,2,3,0.3108,0.8238,455854.84,1,Postgraduate,Self-employed,Rent,0
47,1208360.06,3.8,187838.16,48,4.2,4,0,0.3663,0.2593,317722.92,2,High School,Salaried,Own,0
60,508070.08,0.0,212580.61,60,12.2,4,1,0.1699,0.4297,280221.22,2,Graduate,Salaried,Rent,0
54,322229.72,3.6,259800.49,12,0.7,3,2,0.2117,0.9116,150623.72,1,Postgraduate,Contract,Own,0
32,639312.27,8.7,220186.92,24,2.8,6,1,0.1915,0.3071,174121.19,3,High School,Contract,Own,1
27,475674.68,2.9,419494.77,48,12.2,3,2,0.4601,0.4338,145183.57,1,Graduate,Contract,Own,0
30,281036.81,6.0,304088.99,48,9.4,7,1,0.2988,0.4964,50572.53,0,Postgraduate,Salaried,Own,0
37,742097.85,3.4,553293.18,60,17.2,3,0,0.157,0.5758,302205.19,1,Postgraduate,Salaried,Rent,0
46,752356.16,0.0,686342.92,36,7.3,4,0,0.0519,0.699,356060.27,2,Graduate,Salaried,Rent,0
41,1719840.01,3.3,656815.99,12,13.8,7,2,0.2148,0.4609,71714.47,1,High School,Salaried,Own,0
48,532723.58,8.7,344696.91,36,0.5,7,0,0.3239,0.5724,71661.87,0,High School,Salaried,Rent,0
22,758269.7,0.0,541399.11,24,1.3,3,0,0.3582,0.4119,238500.31,1,Graduate,Contract,Mortgage,1
21,450769.17,7.0,881902.39,36,10.6,4,0,0.3284,0.441,236823.67,1,High School,Contract,Own,1
56,1050703.85,1.3,601162.07,48,0.5,4,1,0.2963,0.66,323467.15,1,High School,Self-employed,Rent,0
46,606941.6,8.4,1506558.34,12,6.2,7,0,0.2696,0.6377,557696.71,2,Graduate,Self-employed,Rent,0
49,341056.1,8.9,852065.95,48,11.7,1,3,0.3105,0.3848,77217.67,0,Graduate,Salaried,Rent,0
41,645201.62,5.3,1375004.36,36,9.0,2,1,0.2307,0.7171,168571.7,1,Postgraduate,Self-employed,Own,1
31,805739.07,5.3,89052.36,36,7.0,8,0,0.4004,0.3512,80845.61,1,High School,Contract,Rent,1
60,747977.37,2.8,479185.15,12,5.2,7,0,0.1247,0.2411,85640.97,2,High School,Salaried,Rent,0
31,1155415.8,0.6,364560.11,36,7.8,3,2,0.1224,0.7196,127627.99,0,Postgraduate,Salaried,Own,0
